id,conversation_id,created_at,date,time,timezone,user_id,username,name,place,tweet,language,mentions,urls,photos,replies_count,retweets_count,likes_count,hashtags,cashtags,link,retweet,quote_url,video,thumbnail,near,geo,source,user_rt_id,user_rt,retweet_id,reply_to,retweet_date,translate,trans_src,trans_dest
1476369181037580288,1476369181037580288,2021-12-30 09:46:57 Malay Peninsula Standard Time,2021-12-30,09:46:57,+0800,1923583964,sectsshop,Sects.Shop,,"Kenny wears UNNORM blazer, DEPRESSION pants &amp; tee with RICK OWENS sneakers  https://t.co/r28vMrtATt  https://t.co/PBoMieWBoj",en,[],['http://www.sectsshop.com'],['https://pbs.twimg.com/media/FH0d8TaacAEBSyK.jpg'],0,0,0,[],[],https://twitter.com/SectsShop/status/1476369181037580288,False,,1,https://pbs.twimg.com/media/FH0d8TaacAEBSyK.jpg,,"1.290270,103.851959,30km",,,,,[],,,,
1476368956990451713,1476368956990451713,2021-12-30 09:46:03 Malay Peninsula Standard Time,2021-12-30,09:46:03,+0800,1923583964,sectsshop,Sects.Shop,,DEPRESSION logo socks  https://t.co/ArFmrI5GV4  https://t.co/Im1Ecv8mW2,en,[],['https://sectsshop.com/collections/depression/products/depression-socks'],"['https://pbs.twimg.com/media/FH0dvBTaQAAa0ho.jpg', 'https://pbs.twimg.com/media/FH0dvBPaMAIstau.jpg', 'https://pbs.twimg.com/media/FH0dvBRaQAAZ-Rl.jpg']",0,0,0,[],[],https://twitter.com/SectsShop/status/1476368956990451713,False,,1,https://pbs.twimg.com/media/FH0dvBTaQAAa0ho.jpg,,"1.290270,103.851959,30km",,,,,[],,,,
1476368375341150209,1476368375341150209,2021-12-30 09:43:44 Malay Peninsula Standard Time,2021-12-30,09:43:44,+0800,20227045,depressioncomsg,DEPRESSION DESIGNS,,DEPRESSION Single Chain Necklace  https://t.co/viCADnR4iK,en,[],[],"['https://pbs.twimg.com/media/FH0dNCQaAAA23iG.jpg', 'https://pbs.twimg.com/media/FH0dNCPacAAzYeN.jpg', 'https://pbs.twimg.com/media/FH0dNCRaUAIP8Th.jpg']",0,0,0,[],[],https://twitter.com/DEPRESSIONcomsg/status/1476368375341150209,False,,1,https://pbs.twimg.com/media/FH0dNCQaAAA23iG.jpg,,"1.290270,103.851959,30km",,,,,[],,,,
1476314412990435331,1476195920941236228,2021-12-30 06:09:19 Malay Peninsula Standard Time,2021-12-30,06:09:19,+0800,160905689,nzrnrdn,Nazri | Breakpoint Lisbon üáµüáπ,,@aditik_29 depression,en,[],[],[],0,0,1,[],[],https://twitter.com/nzrnrdn/status/1476314412990435331,False,,0,,,"1.290270,103.851959,30km",,,,,"[{'screen_name': 'aditik_29', 'name': 'Aditi Khandelwal', 'id': '4368738433'}]",,,,
1476158097269805058,1476158097269805058,2021-12-29 19:48:10 Malay Peninsula Standard Time,2021-12-29,19:48:10,+0800,20227045,depressioncomsg,DEPRESSION DESIGNS,"{'type': 'Point', 'coordinates': [1.3006053, 103.83924872]}",ACC  DEPRESSION Full Moon Necklace   #depressiondesigns #sectsshop #boyslovesects #streetgothfits #depressionACC @ SECTS SHOP  https://t.co/muBug6y6Q2,en,[],['https://www.instagram.com/p/CYEM2CsJdJC/?utm_medium=twitter'],[],0,0,0,"['depressiondesigns', 'sectsshop', 'boyslovesects', 'streetgothfits', 'depressionacc']",[],https://twitter.com/DEPRESSIONcomsg/status/1476158097269805058,False,,0,,,"1.290270,103.851959,30km",,,,,[],,,,
1476157871796727808,1476157871796727808,2021-12-29 19:47:16 Malay Peninsula Standard Time,2021-12-29,19:47:16,+0800,20227045,depressioncomsg,DEPRESSION DESIGNS,"{'type': 'Point', 'coordinates': [1.3006053, 103.83924872]}",ACC  DEPRESSION Single Chain Necklace   #depressiondesigns #sectsshop #boyslovesects #streetgothfits #depressionACC @ SECTS SHOP  https://t.co/9uEt1eDudq,en,[],['https://www.instagram.com/depression_designs/p/CYEMvacJRVu/?utm_medium=twitter'],[],0,0,0,"['depressiondesigns', 'sectsshop', 'boyslovesects', 'streetgothfits', 'depressionacc']",[],https://twitter.com/DEPRESSIONcomsg/status/1476157871796727808,False,,0,,,"1.290270,103.851959,30km",,,,,[],,,,
1476013357316513795,1476013357316513795,2021-12-29 10:13:02 Malay Peninsula Standard Time,2021-12-29,10:13:02,+0800,1923583964,sectsshop,Sects.Shop,,DEPRESSION socks  https://t.co/ieSwhkJKrQ,en,[],[],"['https://pbs.twimg.com/media/FHvaUgfagAAc1zR.jpg', 'https://pbs.twimg.com/media/FHvaUgeagAIVU5h.jpg', 'https://pbs.twimg.com/media/FHvaUhuaQAIYzWg.jpg']",0,0,0,[],[],https://twitter.com/SectsShop/status/1476013357316513795,False,,1,https://pbs.twimg.com/media/FHvaUgfagAAc1zR.jpg,,"1.290270,103.851959,30km",,,,,[],,,,
1476013145273499648,1476013145273499648,2021-12-29 10:12:11 Malay Peninsula Standard Time,2021-12-29,10:12:11,+0800,20227045,depressioncomsg,DEPRESSION DESIGNS,,DEPRESSION vintage style necklace  https://t.co/Fgkp8aZ9GY,en,[],[],"['https://pbs.twimg.com/media/FHvaIECaIAIMXMl.jpg', 'https://pbs.twimg.com/media/FHvaID9akAUG1ni.jpg', 'https://pbs.twimg.com/media/FHvaIEBaAAALN-w.jpg']",0,0,1,[],[],https://twitter.com/DEPRESSIONcomsg/status/1476013145273499648,False,,1,https://pbs.twimg.com/media/FHvaIECaIAIMXMl.jpg,,"1.290270,103.851959,30km",,,,,[],,,,
1476013054630690818,1476013054630690818,2021-12-29 10:11:49 Malay Peninsula Standard Time,2021-12-29,10:11:49,+0800,20227045,depressioncomsg,DEPRESSION DESIGNS,,DEPRESSION ‚Äúantidote‚Äù tee  https://t.co/LvQydaimA9,ht,[],[],['https://pbs.twimg.com/media/FHvaC9JaUAEd2xR.jpg'],0,0,1,[],[],https://twitter.com/DEPRESSIONcomsg/status/1476013054630690818,False,,1,https://pbs.twimg.com/media/FHvaC9JaUAEd2xR.jpg,,"1.290270,103.851959,30km",,,,,[],,,,
1475651198287966211,1475651198287966211,2021-12-28 10:13:56 Malay Peninsula Standard Time,2021-12-28,10:13:56,+0800,1923583964,sectsshop,Sects.Shop,,Depression socks  https://t.co/WOJURbXRb3,en,[],[],"['https://pbs.twimg.com/media/FHqQ76taUAIkbbf.jpg', 'https://pbs.twimg.com/media/FHqQ77sacAM9DNR.jpg', 'https://pbs.twimg.com/media/FHqQ78vaMAEp8vt.jpg']",0,0,0,[],[],https://twitter.com/SectsShop/status/1475651198287966211,False,,1,https://pbs.twimg.com/media/FHqQ76taUAIkbbf.jpg,,"1.290270,103.851959,30km",,,,,[],,,,
1475650823992770562,1475650823992770562,2021-12-28 10:12:27 Malay Peninsula Standard Time,2021-12-28,10:12:27,+0800,20227045,depressioncomsg,DEPRESSION DESIGNS,,DEPRESSION antidote tee  https://t.co/exOAKLTBH2,ht,[],[],['https://pbs.twimg.com/media/FHqQmXQagAAHOqO.jpg'],0,0,0,[],[],https://twitter.com/DEPRESSIONcomsg/status/1475650823992770562,False,,1,https://pbs.twimg.com/media/FHqQmXQagAAHOqO.jpg,,"1.290270,103.851959,30km",,,,,[],,,,
1475622454831706112,1475622454831706112,2021-12-28 08:19:43 Malay Peninsula Standard Time,2021-12-28,08:19:43,+0800,1041565368,nurulnaziefa_,ŸÜŸàÿ± ÿßŸÑŸÜÿ∏ŸäŸÅÿ©,,Depression is real.   Don‚Äôt take pills.   Cari apa yang you hilang.   Be better.   Benarkah valid? I don‚Äôt think it‚Äôs applicable untuk everyone but Alhamdulillah you made it.,en,[],[],[],0,3,35,[],[],https://twitter.com/NurulNaziefa_/status/1475622454831706112,False,,0,,,"1.290270,103.851959,30km",,,,,[],,,,
1475389348434436097,1475389348434436097,2021-12-27 16:53:26 Malay Peninsula Standard Time,2021-12-27,16:53:26,+0800,859706173544472576,animefolyf,üëëEmo-saurus,,"Well if I had a kid one day, I'll try to be like the current version of my parents and not the version of them that raised me, they gave me all I needed as a kid only after I've become a adult and by the time they did this I was already fucked up depression lol",en,[],[],[],0,0,0,[],[],https://twitter.com/animefolyf/status/1475389348434436097,False,https://twitter.com/bxttylxtyf/status/1475083282098262018,0,,,"1.290270,103.851959,30km",,,,,[],,,,
1475293297547513856,1475293297547513856,2021-12-27 10:31:46 Malay Peninsula Standard Time,2021-12-27,10:31:46,+0800,1923583964,sectsshop,Sects.Shop,,Depression socks  https://t.co/5kWjyO3wCx,en,[],[],"['https://pbs.twimg.com/media/FHlLbdxaIAMUsPK.jpg', 'https://pbs.twimg.com/media/FHlLbexagAQC9Yv.jpg', 'https://pbs.twimg.com/media/FHlLbf0agAAllX5.jpg']",0,0,0,[],[],https://twitter.com/SectsShop/status/1475293297547513856,False,,1,https://pbs.twimg.com/media/FHlLbdxaIAMUsPK.jpg,,"1.290270,103.851959,30km",,,,,[],,,,
1475292883146080258,1475292883146080258,2021-12-27 10:30:07 Malay Peninsula Standard Time,2021-12-27,10:30:07,+0800,20227045,depressioncomsg,DEPRESSION DESIGNS,,Sects Shop by Depression üìç Orchard Gateway 04-14 Singapore  https://t.co/zbpcwd5HU2,en,[],[],['https://pbs.twimg.com/media/FHlLDdWaIAQ074M.jpg'],0,0,0,[],[],https://twitter.com/DEPRESSIONcomsg/status/1475292883146080258,False,,1,https://pbs.twimg.com/media/FHlLDdWaIAQ074M.jpg,,"1.290270,103.851959,30km",,,,,[],,,,
1475287498700075015,1475287498700075015,2021-12-27 10:08:43 Malay Peninsula Standard Time,2021-12-27,10:08:43,+0800,20227045,depressioncomsg,DEPRESSION DESIGNS,"{'type': 'Point', 'coordinates': [1.30096, 103.83896]}",SOCKS  DEPRESSION Logo knee-high socks   #depressiondesigns #sectsshop #boyslovesects #streetgothfits #depressionACC @ orchardgateway  https://t.co/5aTZJ19e0G,en,[],['https://www.instagram.com/p/CX-A8JsJRDq/?utm_medium=twitter'],[],0,0,0,"['depressiondesigns', 'sectsshop', 'boyslovesects', 'streetgothfits', 'depressionacc']",[],https://twitter.com/DEPRESSIONcomsg/status/1475287498700075015,False,,0,,,"1.290270,103.851959,30km",,,,,[],,,,
1475287298350661633,1475287298350661633,2021-12-27 10:07:56 Malay Peninsula Standard Time,2021-12-27,10:07:56,+0800,20227045,depressioncomsg,DEPRESSION DESIGNS,"{'type': 'Point', 'coordinates': [1.29306, 103.856]}",SOCKS  DEPRESSION Âä†Ê≤π ÔºåË∑ëËÖøÔºåKeep Walking &amp; Logo Knee-high socks   #depressiondesigns #sectsshop #boyslovesects #streetgothfits #depressionACC @ Singapore  https://t.co/oOsyJTleAV,en,[],['https://www.instagram.com/p/CX-A2aTJ_4_/?utm_medium=twitter'],[],0,0,0,"['depressiondesigns', 'sectsshop', 'boyslovesects', 'streetgothfits', 'depressionacc']",[],https://twitter.com/DEPRESSIONcomsg/status/1475287298350661633,False,,0,,,"1.290270,103.851959,30km",,,,,[],,,,
1475286887237660677,1475286887237660677,2021-12-27 10:06:18 Malay Peninsula Standard Time,2021-12-27,10:06:18,+0800,20227045,depressioncomsg,DEPRESSION DESIGNS,"{'type': 'Point', 'coordinates': [1.3006053, 103.83924872]}",SOCKS  DEPRESSION Ë∑ëËÖø  #depressiondesigns #sectsshop #boyslovesects #streetgothfits #depressionACC @ SECTS SHOP  https://t.co/eRzr3ufdil,en,[],['https://www.instagram.com/p/CX-AqXbJALB/?utm_medium=twitter'],[],0,0,0,"['depressiondesigns', 'sectsshop', 'boyslovesects', 'streetgothfits', 'depressionacc']",[],https://twitter.com/DEPRESSIONcomsg/status/1475286887237660677,False,,0,,,"1.290270,103.851959,30km",,,,,[],,,,
1475176348498997255,1475176348498997255,2021-12-27 02:47:03 Malay Peninsula Standard Time,2021-12-27,02:47:03,+0800,1078941953939582981,sharkdududu94,xXMNoPeeXx,,Crying and smiling for apparel reason.... #Anxiety  #depression,en,[],[],[],0,0,0,"['anxiety', 'depression']",[],https://twitter.com/sharkdududu94/status/1475176348498997255,False,,0,,,"1.290270,103.851959,30km",,,,,[],,,,
1474932449306378244,1474932449306378244,2021-12-26 10:37:53 Malay Peninsula Standard Time,2021-12-26,10:37:53,+0800,1923583964,sectsshop,Sects.Shop,,Depression ‚Äúfreedom‚Äù shirts  https://t.co/ZHQNARn0R9,en,[],[],"['https://pbs.twimg.com/media/FHgDPZCaQAApOaT.jpg', 'https://pbs.twimg.com/media/FHgDPaBacAUkXIc.jpg']",0,0,0,[],[],https://twitter.com/SectsShop/status/1474932449306378244,False,,1,https://pbs.twimg.com/media/FHgDPZCaQAApOaT.jpg,,"1.290270,103.851959,30km",,,,,[],,,,
1474932014671613952,1474932014671613952,2021-12-26 10:36:09 Malay Peninsula Standard Time,2021-12-26,10:36:09,+0800,20227045,depressioncomsg,DEPRESSION DESIGNS,,Sects Shop by Depression üìç Orchard Gateway 04-14 Singapore  https://t.co/aIxQjZF8lE,en,[],[],['https://pbs.twimg.com/media/FHgC2IXakAAVXX_.jpg'],0,0,0,[],[],https://twitter.com/DEPRESSIONcomsg/status/1474932014671613952,False,,1,https://pbs.twimg.com/media/FHgC2IXakAAVXX_.jpg,,"1.290270,103.851959,30km",,,,,[],,,,
1474826818590969857,1474826818590969857,2021-12-26 03:38:09 Malay Peninsula Standard Time,2021-12-26,03:38:09,+0800,1360675817143947265,sofiah22781328,Sofiah,,"It actually ""human trafficking"" so please don't talk to anyone except the united nations. This is a form of abuse which could lead to depression. Just don't trust anyone but yourself.  https://t.co/n310JXWi5w",en,[],[],['https://pbs.twimg.com/media/FHejLPUUUAQvaRK.jpg'],0,0,0,[],[],https://twitter.com/Sofiah22781328/status/1474826818590969857,False,,1,https://pbs.twimg.com/media/FHejLPUUUAQvaRK.jpg,,"1.290270,103.851959,30km",,,,,[],,,,
1474611635650056192,1474611635650056192,2021-12-25 13:23:05 Malay Peninsula Standard Time,2021-12-25,13:23:05,+0800,20227045,depressioncomsg,DEPRESSION DESIGNS,,Merry Christmas from all of us at Sects Shop &amp; Depression label  ‚õÑÔ∏è We are open today till 9pm  ‚õÑÔ∏è Find us at Orchard Gateway 04-14 Singapore  https://t.co/uYLhKftjxj,en,[],[],['https://pbs.twimg.com/media/FHbfdsIVcAIBvIE.jpg'],0,0,0,[],[],https://twitter.com/DEPRESSIONcomsg/status/1474611635650056192,False,,1,https://pbs.twimg.com/media/FHbfdsIVcAIBvIE.jpg,,"1.290270,103.851959,30km",,,,,[],,,,
1474611586417319941,1474611586417319941,2021-12-25 13:22:53 Malay Peninsula Standard Time,2021-12-25,13:22:53,+0800,20227045,depressioncomsg,DEPRESSION DESIGNS,,Merry Christmas from all of us at Sects Shop &amp; Depression label  ‚õÑÔ∏è We are open today till 9pm  ‚õÑÔ∏è Find us at Orchard Gateway 04-14 Singapore  https://t.co/aYbHqKyH85,en,[],[],['https://pbs.twimg.com/media/FHbfajTVEAMAP0h.jpg'],0,0,0,[],[],https://twitter.com/DEPRESSIONcomsg/status/1474611586417319941,False,,1,https://pbs.twimg.com/media/FHbfajTVEAMAP0h.jpg,,"1.290270,103.851959,30km",,,,,[],,,,
1474323886908923905,1474323886908923905,2021-12-24 18:19:40 Malay Peninsula Standard Time,2021-12-24,18:19:40,+0800,1156628718,namilo1312,Z üè¥,,The air in sg is full of depression and sadness.,en,[],[],[],1,0,1,[],[],https://twitter.com/namilo1312/status/1474323886908923905,False,,0,,,"1.290270,103.851959,30km",,,,,[],,,,
1474258308009713664,1474258308009713664,2021-12-24 13:59:05 Malay Peninsula Standard Time,2021-12-24,13:59:05,+0800,1923583964,sectsshop,Sects.Shop,"{'type': 'Point', 'coordinates': [1.3006053, 103.83924872]}","üéÑpicks üéÑ DEPRESSION ‚ÄúLogo‚Äù Knee-high Socks   -  Sects Shop, Orchard Gateway 04-14 Singapore   #depressiondesigns #depressionACC #sectsshop #boyslovesects #streetgothfits #orchardroad #orchardgateway #singapore  https://t.co/ZNBGGUcc6Z",en,[],['https://www.instagram.com/p/CX2s6ytPsJK/?utm_medium=twitter'],[],0,0,0,"['depressiondesigns', 'depressionacc', 'sectsshop', 'boyslovesects', 'streetgothfits', 'orchardroad', 'orchardgateway', 'singapore']",[],https://twitter.com/SectsShop/status/1474258308009713664,False,,0,,,"1.290270,103.851959,30km",,,,,[],,,,
1474258030422286357,1474258030422286357,2021-12-24 13:57:59 Malay Peninsula Standard Time,2021-12-24,13:57:59,+0800,1923583964,sectsshop,Sects.Shop,"{'type': 'Point', 'coordinates': [1.3006053, 103.83924872]}","üéÑpicks üéÑ DEPRESSION ‚ÄúLogo‚Äù Knee-high Socks   -  Sects Shop, Orchard Gateway 04-14 Singapore   #depressiondesigns #depressionACC #sectsshop #boyslovesects #streetgothfits #orchardroad #orchardgateway #singapore  https://t.co/HBS3VIjXa5",en,[],['https://www.instagram.com/p/CX2syuHPpfQ/?utm_medium=twitter'],[],0,0,0,"['depressiondesigns', 'depressionacc', 'sectsshop', 'boyslovesects', 'streetgothfits', 'orchardroad', 'orchardgateway', 'singapore']",[],https://twitter.com/SectsShop/status/1474258030422286357,False,,0,,,"1.290270,103.851959,30km",,,,,[],,,,
1474257859516911618,1474257859516911618,2021-12-24 13:57:18 Malay Peninsula Standard Time,2021-12-24,13:57:18,+0800,1923583964,sectsshop,Sects.Shop,"{'type': 'Point', 'coordinates': [1.3006053, 103.83924872]}","üéÑpicks üéÑ DEPRESSION ‚ÄúLogo‚Äù Knee-high Socks   -  Sects Shop, Orchard Gateway 04-14 Singapore   #depressiondesigns #depressionACC #sectsshop #boyslovesects #streetgothfits #orchardroad #orchardgateway #singapore  https://t.co/T9KdXxCfdl",en,[],['https://www.instagram.com/p/CX2stpXPk96/?utm_medium=twitter'],[],0,0,0,"['depressiondesigns', 'depressionacc', 'sectsshop', 'boyslovesects', 'streetgothfits', 'orchardroad', 'orchardgateway', 'singapore']",[],https://twitter.com/SectsShop/status/1474257859516911618,False,,0,,,"1.290270,103.851959,30km",,,,,[],,,,
1474186867323015178,1474186867323015178,2021-12-24 09:15:12 Malay Peninsula Standard Time,2021-12-24,09:15:12,+0800,1923583964,sectsshop,Sects.Shop,,DEPRESSION tees  https://t.co/P99VOy5GUw,en,[],[],"['https://pbs.twimg.com/media/FHVdIwxaMAM6DWe.jpg', 'https://pbs.twimg.com/media/FHVdIwuaIAIe0hv.jpg']",0,0,0,[],[],https://twitter.com/SectsShop/status/1474186867323015178,False,,1,https://pbs.twimg.com/media/FHVdIwxaMAM6DWe.jpg,,"1.290270,103.851959,30km",,,,,[],,,,
1474031249366736898,1474031249366736898,2021-12-23 22:56:50 Malay Peninsula Standard Time,2021-12-23,22:56:50,+0800,51385779,sawayamadoll,rene√© made CL laugh rip me,,my monster cat ass is so happy like this cured my depression for a bit ngl,en,[],[],[],0,0,0,[],[],https://twitter.com/sawayamadoll/status/1474031249366736898,False,https://twitter.com/venusbleeeds/status/1473964278919020544,0,,,"1.290270,103.851959,30km",,,,,[],,,,
1473938859331309574,1473938859331309574,2021-12-23 16:49:43 Malay Peninsula Standard Time,2021-12-23,16:49:43,+0800,1923583964,sectsshop,Sects.Shop,"{'type': 'Point', 'coordinates': [1.30309593, 103.83890218]}","üéÑpicks üéÑ DEPRESSION Ë∑ëËÖø Socks   -  Sects Shop, Orchard Gateway 04-14 Singapore   #depressiondesigns #depressionACC #sectsshop #boyslovesects #streetgothfits #orchardroad #orchardgateway #singapore  https://t.co/RxvG0V5VHr",en,[],['https://www.instagram.com/sects.shop/p/CX0bpmRvyyl/?utm_medium=twitter'],[],0,0,0,"['depressiondesigns', 'depressionacc', 'sectsshop', 'boyslovesects', 'streetgothfits', 'orchardroad', 'orchardgateway', 'singapore']",[],https://twitter.com/SectsShop/status/1473938859331309574,False,,0,,,"1.290270,103.851959,30km",,,,,[],,,,
1473938662551396354,1473938662551396354,2021-12-23 16:48:56 Malay Peninsula Standard Time,2021-12-23,16:48:56,+0800,1923583964,sectsshop,Sects.Shop,"{'type': 'Point', 'coordinates': [1.30096, 103.83896]}","üéÑpicks üéÑ DEPRESSION Ë∑ëËÖø Socks   -  Sects Shop, Orchard Gateway 04-14 Singapore   #depressiondesigns #depressionACC #sectsshop #boyslovesects #streetgothfits #orchardroad #orchardgateway #singapore  https://t.co/jBH18HMk0L",en,[],['https://www.instagram.com/sects.shop/p/CX0bj12P-QH/?utm_medium=twitter'],[],0,0,0,"['depressiondesigns', 'depressionacc', 'sectsshop', 'boyslovesects', 'streetgothfits', 'orchardroad', 'orchardgateway', 'singapore']",[],https://twitter.com/SectsShop/status/1473938662551396354,False,,0,,,"1.290270,103.851959,30km",,,,,[],,,,
1473938483156766725,1473938483156766725,2021-12-23 16:48:13 Malay Peninsula Standard Time,2021-12-23,16:48:13,+0800,1923583964,sectsshop,Sects.Shop,"{'type': 'Point', 'coordinates': [1.29306, 103.856]}","üéÑpicks üéÑ DEPRESSION Ë∑ëËÖø Socks   -  Sects Shop, Orchard Gateway 04-14 Singapore   #depressiondesigns #depressionACC #sectsshop #boyslovesects #streetgothfits #orchardroad #orchardgateway #singapore @ Singapore  https://t.co/tDwcscM6Zf",en,[],['https://www.instagram.com/p/CX0beksPGhb/?utm_medium=twitter'],[],0,0,0,"['depressiondesigns', 'depressionacc', 'sectsshop', 'boyslovesects', 'streetgothfits', 'orchardroad', 'orchardgateway', 'singapore']",[],https://twitter.com/SectsShop/status/1473938483156766725,False,,0,,,"1.290270,103.851959,30km",,,,,[],,,,
1473832972444790784,1473832972444790784,2021-12-23 09:48:57 Malay Peninsula Standard Time,2021-12-23,09:48:57,+0800,1923583964,sectsshop,Sects.Shop,,Depression  https://t.co/c4BUkAgjmC  https://t.co/uxJJDvOC5k,en,[],['https://sectsshop.com'],"['https://pbs.twimg.com/media/FHQbRCXaQAU7H0n.jpg', 'https://pbs.twimg.com/media/FHQbRCZacAICyEj.jpg', 'https://pbs.twimg.com/media/FHQbRD_aIAIgY7_.jpg', 'https://pbs.twimg.com/media/FHQbRFPakAEM7oQ.jpg']",0,0,0,[],[],https://twitter.com/SectsShop/status/1473832972444790784,False,,1,https://pbs.twimg.com/media/FHQbRCXaQAU7H0n.jpg,,"1.290270,103.851959,30km",,,,,[],,,,
1473831811394408450,1473831811394408450,2021-12-23 09:44:20 Malay Peninsula Standard Time,2021-12-23,09:44:20,+0800,20227045,depressioncomsg,DEPRESSION DESIGNS,,DEPRESSION Logo Hi-Socks @SectsShop  https://t.co/o2oNaBkGk3  https://t.co/teB0k3gQlP,en,"[{'screen_name': 'sectsshop', 'name': 'sects.shop', 'id': '1923583964'}]",['https://shopdepression.com/collections/vol-4/products/depression-socks'],"['https://pbs.twimg.com/media/FHQaNihacAITJNT.jpg', 'https://pbs.twimg.com/media/FHQaNilacAA41uC.jpg', 'https://pbs.twimg.com/media/FHQaNigaAAABicw.jpg']",0,0,0,[],[],https://twitter.com/DEPRESSIONcomsg/status/1473831811394408450,False,,1,https://pbs.twimg.com/media/FHQaNihacAITJNT.jpg,,"1.290270,103.851959,30km",,,,,[],,,,
1473513678272352257,1473513678272352257,2021-12-22 12:40:12 Malay Peninsula Standard Time,2021-12-22,12:40:12,+0800,1923583964,sectsshop,Sects.Shop,"{'type': 'Point', 'coordinates': [1.30096, 103.83896]}","üéÑpicks üéÑ DEPRESSION ‚ÄúKeep Walking‚Äù Socks   -  Sects Shop, Orchard Gateway 04-14 Singapore   #depressiondesigns #depressionACC #sectsshop #boyslovesects #streetgothfits #orchardroad #orchardgateway #singapore  https://t.co/VhtQTajlPa",en,[],['https://www.instagram.com/p/CXxaTLTPdTM/?utm_medium=twitter'],[],0,0,0,"['depressiondesigns', 'depressionacc', 'sectsshop', 'boyslovesects', 'streetgothfits', 'orchardroad', 'orchardgateway', 'singapore']",[],https://twitter.com/SectsShop/status/1473513678272352257,False,,0,,,"1.290270,103.851959,30km",,,,,[],,,,
1473513452765392899,1473513452765392899,2021-12-22 12:39:18 Malay Peninsula Standard Time,2021-12-22,12:39:18,+0800,1923583964,sectsshop,Sects.Shop,"{'type': 'Point', 'coordinates': [1.29306, 103.856]}","üéÑpicks üéÑ DEPRESSION ‚ÄúKeep Walking‚Äù Socks   -  Sects Shop, Orchard Gateway 04-14 Singapore   #depressiondesigns #depressionACC #sectsshop #boyslovesects #streetgothfits #orchardroad #orchardgateway #singapore  https://t.co/w6mdygmagY",en,[],['https://www.instagram.com/sects.shop/p/CXxaMoDP5y-/?utm_medium=twitter'],[],0,0,0,"['depressiondesigns', 'depressionacc', 'sectsshop', 'boyslovesects', 'streetgothfits', 'orchardroad', 'orchardgateway', 'singapore']",[],https://twitter.com/SectsShop/status/1473513452765392899,False,,0,,,"1.290270,103.851959,30km",,,,,[],,,,
1473513316274167808,1473513316274167808,2021-12-22 12:38:45 Malay Peninsula Standard Time,2021-12-22,12:38:45,+0800,1923583964,sectsshop,Sects.Shop,"{'type': 'Point', 'coordinates': [1.30309593, 103.83890218]}","üéÑpicks üéÑ DEPRESSION ‚ÄúKeep Walking‚Äù Socks   -  Sects Shop, Orchard Gateway 04-14 Singapore   #depressiondesigns #depressionACC #sectsshop #boyslovesects #streetgothfits #orchardroad #orchardgateway #singapore  https://t.co/p6mESVoQRg",en,[],['https://www.instagram.com/p/CXxaIffv88x/?utm_medium=twitter'],[],0,0,0,"['depressiondesigns', 'depressionacc', 'sectsshop', 'boyslovesects', 'streetgothfits', 'orchardroad', 'orchardgateway', 'singapore']",[],https://twitter.com/SectsShop/status/1473513316274167808,False,,0,,,"1.290270,103.851959,30km",,,,,[],,,,
1473464344407003138,1473464344407003138,2021-12-22 09:24:10 Malay Peninsula Standard Time,2021-12-22,09:24:10,+0800,1923583964,sectsshop,Sects.Shop,,DEPRESSION new accessories  https://t.co/psZGENcFBm,en,[],[],"['https://pbs.twimg.com/media/FHLMAXHakAM57GL.jpg', 'https://pbs.twimg.com/media/FHLMAX3aQAQB5gC.jpg', 'https://pbs.twimg.com/media/FHLMAY-aQAESrOk.jpg']",0,0,0,[],[],https://twitter.com/SectsShop/status/1473464344407003138,False,,1,https://pbs.twimg.com/media/FHLMAXHakAM57GL.jpg,,"1.290270,103.851959,30km",,,,,[],,,,
1473159422780211201,1473159422780211201,2021-12-21 13:12:31 Malay Peninsula Standard Time,2021-12-21,13:12:31,+0800,1923583964,sectsshop,Sects.Shop,"{'type': 'Point', 'coordinates': [1.30096, 103.83896]}","üéÑpicks üéÑ DEPRESSION Âä†Ê≤π Socks   -  Sects Shop, Orchard Gateway 04-14 Singapore   #depressiondesigns #depressionACC #sectsshop #boyslovesects #streetgothfits #orchardroad #orchardgateway #singapore @ orchardgateway  https://t.co/ZmCjTpLE1Y",en,[],['https://www.instagram.com/p/CXu5M_jPGCl/?utm_medium=twitter'],[],0,0,0,"['depressiondesigns', 'depressionacc', 'sectsshop', 'boyslovesects', 'streetgothfits', 'orchardroad', 'orchardgateway', 'singapore']",[],https://twitter.com/SectsShop/status/1473159422780211201,False,,0,,,"1.290270,103.851959,30km",,,,,[],,,,
1473159224263954432,1473159224263954432,2021-12-21 13:11:43 Malay Peninsula Standard Time,2021-12-21,13:11:43,+0800,1923583964,sectsshop,Sects.Shop,"{'type': 'Point', 'coordinates': [1.30309593, 103.83890218]}","üéÑpicks üéÑ DEPRESSION Âä†Ê≤π Socks   -  Sects Shop, Orchard Gateway 04-14 Singapore   #depressiondesigns #depressionACC #sectsshop #boyslovesects #streetgothfits #orchardroad #orchardgateway #singapore @ Orchard Road  https://t.co/l7mSwItyax",en,[],['https://www.instagram.com/p/CXu5G4YPn9j/?utm_medium=twitter'],[],0,0,0,"['depressiondesigns', 'depressionacc', 'sectsshop', 'boyslovesects', 'streetgothfits', 'orchardroad', 'orchardgateway', 'singapore']",[],https://twitter.com/SectsShop/status/1473159224263954432,False,,0,,,"1.290270,103.851959,30km",,,,,[],,,,
1473158966750367745,1473158966750367745,2021-12-21 13:10:42 Malay Peninsula Standard Time,2021-12-21,13:10:42,+0800,1923583964,sectsshop,Sects.Shop,"{'type': 'Point', 'coordinates': [1.29306, 103.856]}","üéÑpicks üéÑ DEPRESSION Âä†Ê≤π Socks   -  Sects Shop, Orchard Gateway 04-14 Singapore   #depressiondesigns #depressionACC #sectsshop #boyslovesects #streetgothfits #orchardroad #orchardgateway #singapore @ Singapore  https://t.co/QAtsYpQ34e",en,[],['https://www.instagram.com/p/CXu4_vkPhY0/?utm_medium=twitter'],[],0,0,0,"['depressiondesigns', 'depressionacc', 'sectsshop', 'boyslovesects', 'streetgothfits', 'orchardroad', 'orchardgateway', 'singapore']",[],https://twitter.com/SectsShop/status/1473158966750367745,False,,0,,,"1.290270,103.851959,30km",,,,,[],,,,
1472795349701988352,1472795349701988352,2021-12-20 13:05:49 Malay Peninsula Standard Time,2021-12-20,13:05:49,+0800,82796294,lchanwrites,Team Two Dogs,,Behold the wet dog of depression  https://t.co/rMhnAVIOCn,en,[],[],['https://pbs.twimg.com/media/FHBrj3sVEAA7Lso.jpg'],1,0,8,[],[],https://twitter.com/lchanwrites/status/1472795349701988352,False,,1,https://pbs.twimg.com/media/FHBrj3sVEAA7Lso.jpg,,"1.290270,103.851959,30km",,,,,[],,,,
1472738212808302595,1472738212808302595,2021-12-20 09:18:46 Malay Peninsula Standard Time,2021-12-20,09:18:46,+0800,1923583964,sectsshop,Sects.Shop,,DEPRESSION new accessories  https://t.co/rDsKvrEhaP,en,[],[],['https://pbs.twimg.com/media/FHA3l_CagAIWS8n.jpg'],0,0,0,[],[],https://twitter.com/SectsShop/status/1472738212808302595,False,,1,https://pbs.twimg.com/media/FHA3l_CagAIWS8n.jpg,,"1.290270,103.851959,30km",,,,,[],,,,
1472704079834980353,1472692025967341568,2021-12-20 07:03:08 Malay Peninsula Standard Time,2021-12-20,07:03:08,+0800,2920715712,ahdassabus,Ah.Bussin,,@creamwhoo You have ‚Äúnut without hug‚Äù depression?,en,[],[],[],1,0,1,[],[],https://twitter.com/AhDassaBus/status/1472704079834980353,False,,0,,,"1.290270,103.851959,30km",,,,,[],,,,
1472394474626359296,1472394474626359296,2021-12-19 10:32:53 Malay Peninsula Standard Time,2021-12-19,10:32:53,+0800,1923583964,sectsshop,Sects.Shop,,New DEPRESSION accessories  https://t.co/YsU1mOrn5h,en,[],[],['https://pbs.twimg.com/media/FG7-9xaaAAUFzOv.jpg'],0,0,0,[],[],https://twitter.com/SectsShop/status/1472394474626359296,False,,1,https://pbs.twimg.com/media/FG7-9xaaAAUFzOv.jpg,,"1.290270,103.851959,30km",,,,,[],,,,
1472086980066299904,1472086980066299904,2021-12-18 14:11:00 Malay Peninsula Standard Time,2021-12-18,14:11:00,+0800,1923583964,sectsshop,Sects.Shop,"{'type': 'Point', 'coordinates': [1.30096, 103.83896]}","üéÑpicks from DEPRESSION   -  Sects Shop, Orchard Gateway 04-14 Singapore   #depressiondesigns #depressionACC #sectsshop #boyslovesects #streetgothfits #orchardroad #orchardgateway #singapore @ orchardgateway  https://t.co/DRXe6hOlYf",en,[],['https://www.instagram.com/p/CXnRg1Wv6I8/?utm_medium=twitter'],[],0,0,0,"['depressiondesigns', 'depressionacc', 'sectsshop', 'boyslovesects', 'streetgothfits', 'orchardroad', 'orchardgateway', 'singapore']",[],https://twitter.com/SectsShop/status/1472086980066299904,False,,0,,,"1.290270,103.851959,30km",,,,,[],,,,
1472086790181990401,1472086790181990401,2021-12-18 14:10:15 Malay Peninsula Standard Time,2021-12-18,14:10:15,+0800,1923583964,sectsshop,Sects.Shop,"{'type': 'Point', 'coordinates': [1.29306, 103.856]}","üéÑpicks from DEPRESSION   -  Sects Shop, Orchard Gateway 04-14 Singapore   #depressiondesigns #depressionACC #sectsshop #boyslovesects #streetgothfits #orchardroad #orchardgateway #singapore @ Singapore  https://t.co/wBt0Xziebl",en,[],['https://www.instagram.com/p/CXnRbRuvxn1/?utm_medium=twitter'],[],0,0,0,"['depressiondesigns', 'depressionacc', 'sectsshop', 'boyslovesects', 'streetgothfits', 'orchardroad', 'orchardgateway', 'singapore']",[],https://twitter.com/SectsShop/status/1472086790181990401,False,,0,,,"1.290270,103.851959,30km",,,,,[],,,,
1472086521872330752,1472086521872330752,2021-12-18 14:09:11 Malay Peninsula Standard Time,2021-12-18,14:09:11,+0800,1923583964,sectsshop,Sects.Shop,"{'type': 'Point', 'coordinates': [1.3006053, 103.83924872]}","üéÑpicks from DEPRESSION   -  Sects Shop, Orchard Gateway 04-14 Singapore   #depressiondesigns #depressionACC #sectsshop #boyslovesects #streetgothfits #orchardroad #orchardgateway #singapore @ SECTS SHOP  https://t.co/ybrMxqX7rD",en,[],['https://www.instagram.com/p/CXnRTbvPMIU/?utm_medium=twitter'],[],0,0,0,"['depressiondesigns', 'depressionacc', 'sectsshop', 'boyslovesects', 'streetgothfits', 'orchardroad', 'orchardgateway', 'singapore']",[],https://twitter.com/SectsShop/status/1472086521872330752,False,,0,,,"1.290270,103.851959,30km",,,,,[],,,,
1471713537189990400,1471713537189990400,2021-12-17 13:27:05 Malay Peninsula Standard Time,2021-12-17,13:27:05,+0800,1923583964,sectsshop,Sects.Shop,"{'type': 'Point', 'coordinates': [1.30309593, 103.83890218]}","üéÑpicks from DEPRESSION   -  Sects Shop, Orchard Gateway 04-14 Singapore   #depressiondesigns #depressioACC #sectsshop #boyslovesects #streetgothfits #orchardroad #orchardgateway #singapore @ Orchard Road  https://t.co/uKLpZpmys3",en,[],['https://www.instagram.com/p/CXknr5NK3Es/?utm_medium=twitter'],[],0,0,0,"['depressiondesigns', 'depressioacc', 'sectsshop', 'boyslovesects', 'streetgothfits', 'orchardroad', 'orchardgateway', 'singapore']",[],https://twitter.com/SectsShop/status/1471713537189990400,False,,0,,,"1.290270,103.851959,30km",,,,,[],,,,
1471713377789513732,1471713377789513732,2021-12-17 13:26:27 Malay Peninsula Standard Time,2021-12-17,13:26:27,+0800,1923583964,sectsshop,Sects.Shop,"{'type': 'Point', 'coordinates': [1.30309593, 103.83890218]}","üéÑpicks from DEPRESSION   -  Sects Shop, Orchard Gateway 04-14 Singapore   #depressiondesigns #depressioACC #sectsshop #boyslovesects #streetgothfits #orchardroad #orchardgateway #singapore @ Orchard Road  https://t.co/aACzIBF7lb",en,[],['https://www.instagram.com/p/CXknnGbqBAm/?utm_medium=twitter'],[],0,0,0,"['depressiondesigns', 'depressioacc', 'sectsshop', 'boyslovesects', 'streetgothfits', 'orchardroad', 'orchardgateway', 'singapore']",[],https://twitter.com/SectsShop/status/1471713377789513732,False,,0,,,"1.290270,103.851959,30km",,,,,[],,,,
1471712898556772352,1471712898556772352,2021-12-17 13:24:32 Malay Peninsula Standard Time,2021-12-17,13:24:32,+0800,1923583964,sectsshop,Sects.Shop,"{'type': 'Point', 'coordinates': [1.30309593, 103.83890218]}","üéÑpicks from DEPRESSION   -  Sects Shop, Orchard Gateway 04-14 Singapore   #depressiondesigns #depressioACC #sectsshop #boyslovesects #streetgothfits #orchardroad #orchardgateway #singapore @ Orchard Road  https://t.co/1Qr0eXFnnd",en,[],['https://www.instagram.com/p/CXknZDZqkQC/?utm_medium=twitter'],[],0,0,0,"['depressiondesigns', 'depressioacc', 'sectsshop', 'boyslovesects', 'streetgothfits', 'orchardroad', 'orchardgateway', 'singapore']",[],https://twitter.com/SectsShop/status/1471712898556772352,False,,0,,,"1.290270,103.851959,30km",,,,,[],,,,
1471489417227341837,1471489417227341837,2021-12-16 22:36:30 Malay Peninsula Standard Time,2021-12-16,22:36:30,+0800,20227045,depressioncomsg,DEPRESSION DESIGNS,"{'type': 'Point', 'coordinates': [1.3006053, 103.83924872]}",ACC  DEPRESSION Axe &amp; Hammer Necklaces  #depressiondesigns #sectsshop #boyslovesects #streetgothfits #depressionACC @ SECTS SHOP  https://t.co/tNhkjDvxyU,en,[],['https://www.instagram.com/p/CXjBxYZpgKS/?utm_medium=twitter'],[],0,0,0,"['depressiondesigns', 'sectsshop', 'boyslovesects', 'streetgothfits', 'depressionacc']",[],https://twitter.com/DEPRESSIONcomsg/status/1471489417227341837,False,,0,,,"1.290270,103.851959,30km",,,,,[],,,,
1471489124737556483,1471489124737556483,2021-12-16 22:35:20 Malay Peninsula Standard Time,2021-12-16,22:35:20,+0800,20227045,depressioncomsg,DEPRESSION DESIGNS,"{'type': 'Point', 'coordinates': [1.3006053, 103.83924872]}",ACC  DEPRESSION Duo Necklace   #depressiondesigns #sectsshop #boyslovesects #streetgothfits #depressionACC @ SECTS SHOP  https://t.co/GPWEAVDIlB,en,[],['https://www.instagram.com/depression_designs/p/CXjBo4YpPCR/?utm_medium=twitter'],[],0,0,0,"['depressiondesigns', 'sectsshop', 'boyslovesects', 'streetgothfits', 'depressionacc']",[],https://twitter.com/DEPRESSIONcomsg/status/1471489124737556483,False,,0,,,"1.290270,103.851959,30km",,,,,[],,,,
1471488792615735306,1471488792615735306,2021-12-16 22:34:01 Malay Peninsula Standard Time,2021-12-16,22:34:01,+0800,20227045,depressioncomsg,DEPRESSION DESIGNS,"{'type': 'Point', 'coordinates': [1.3006053, 103.83924872]}",ACC  DEPRESSION Key Chain Necklace   #depressiondesigns #sectsshop #boyslovesects #streetgothfits #depressionACC @ SECTS SHOP  https://t.co/egbL7W9DN9,en,[],['https://www.instagram.com/p/CXjBfNQJqOf/?utm_medium=twitter'],[],0,0,0,"['depressiondesigns', 'sectsshop', 'boyslovesects', 'streetgothfits', 'depressionacc']",[],https://twitter.com/DEPRESSIONcomsg/status/1471488792615735306,False,,0,,,"1.290270,103.851959,30km",,,,,[],,,,
1471299152189423616,1471299152189423616,2021-12-16 10:00:27 Malay Peninsula Standard Time,2021-12-16,10:00:27,+0800,1923583964,sectsshop,Sects.Shop,,Depression vaccinated tees  https://t.co/wkIxyjEMsO,en,[],[],['https://pbs.twimg.com/media/FGsaxucVcAA5H6E.jpg'],0,0,0,[],[],https://twitter.com/SectsShop/status/1471299152189423616,False,,1,https://pbs.twimg.com/media/FGsaxucVcAA5H6E.jpg,,"1.290270,103.851959,30km",,,,,[],,,,
1471297439218896896,1471297439218896896,2021-12-16 09:53:39 Malay Peninsula Standard Time,2021-12-16,09:53:39,+0800,20227045,depressioncomsg,DEPRESSION DESIGNS,,DEPRESSION LOGO NECKLACE  https://t.co/rCnGrC5AI3,en,[],[],"['https://pbs.twimg.com/media/FGsZNvgVgAEgC-t.jpg', 'https://pbs.twimg.com/media/FGsZNvhVQAI-rh9.jpg', 'https://pbs.twimg.com/media/FGsZNvhUUAAFiVV.jpg', 'https://pbs.twimg.com/media/FGsZNwuVcAEhGWq.jpg']",0,0,0,[],[],https://twitter.com/DEPRESSIONcomsg/status/1471297439218896896,False,,1,https://pbs.twimg.com/media/FGsZNvgVgAEgC-t.jpg,,"1.290270,103.851959,30km",,,,,[],,,,
1470931828043177986,1470931828043177986,2021-12-15 09:40:51 Malay Peninsula Standard Time,2021-12-15,09:40:51,+0800,1923583964,sectsshop,Sects.Shop,,Wearing Depression vaccinated tee  https://t.co/RYNsANXDFM,en,[],[],['https://pbs.twimg.com/media/FGnMsksUYAguPZI.jpg'],0,0,0,[],[],https://twitter.com/SectsShop/status/1470931828043177986,False,,1,https://pbs.twimg.com/media/FGnMsksUYAguPZI.jpg,,"1.290270,103.851959,30km",,,,,[],,,,
1470931336353366019,1470931336353366019,2021-12-15 09:38:53 Malay Peninsula Standard Time,2021-12-15,09:38:53,+0800,20227045,depressioncomsg,DEPRESSION DESIGNS,,New DEPRESSION full moon chain necklace  https://t.co/wKEZR1Mzqq,en,[],[],"['https://pbs.twimg.com/media/FGnMPrfVIAIxQXt.jpg', 'https://pbs.twimg.com/media/FGnMPrhUcAodFPe.jpg', 'https://pbs.twimg.com/media/FGnMPrhUYAEa0QJ.jpg', 'https://pbs.twimg.com/media/FGnMPsbUUAMNmPs.jpg']",0,0,2,[],[],https://twitter.com/DEPRESSIONcomsg/status/1470931336353366019,False,,1,https://pbs.twimg.com/media/FGnMPrfVIAIxQXt.jpg,,"1.290270,103.851959,30km",,,,,[],,,,
1470211741438996481,1470211741438996481,2021-12-13 09:59:29 Malay Peninsula Standard Time,2021-12-13,09:59:29,+0800,20227045,depressioncomsg,DEPRESSION DESIGNS,,New DEPRESSION bold chain necklace  https://t.co/kwcx00ve7u,en,[],[],['https://pbs.twimg.com/media/FGc9x-kVcAIP0px.jpg'],0,0,0,[],[],https://twitter.com/DEPRESSIONcomsg/status/1470211741438996481,False,,1,https://pbs.twimg.com/media/FGc9x-kVcAIP0px.jpg,,"1.290270,103.851959,30km",,,,,[],,,,
1469329711591428101,1469318129817993218,2021-12-10 23:34:36 Malay Peninsula Standard Time,2021-12-10,23:34:36,+0800,26784755,agrimsingh,agrim.eth,,@7evenmuffins I don't want added depression thank you,en,[],[],[],0,0,0,[],[],https://twitter.com/agrimsingh/status/1469329711591428101,False,,0,,,"1.290270,103.851959,30km",,,,,[],,,,
1468392468437946368,1468392468437946368,2021-12-08 09:30:20 Malay Peninsula Standard Time,2021-12-08,09:30:20,+0800,20227045,depressioncomsg,DEPRESSION DESIGNS,,SECTS SHOP by Depression  Orchard Gateway 04-14  Singapore   https://t.co/AeMz842zwA - Minimalist black clothes &amp; street goth fits  https://t.co/lQS7lLC8g7,en,[],['http://sectsshop.com'],['https://pbs.twimg.com/media/FGDHKcXVgAAYC2P.jpg'],0,0,0,[],[],https://twitter.com/DEPRESSIONcomsg/status/1468392468437946368,False,,1,https://pbs.twimg.com/media/FGDHKcXVgAAYC2P.jpg,,"1.290270,103.851959,30km",,,,,[],,,,
1468035543703629829,1468035543703629829,2021-12-07 09:52:03 Malay Peninsula Standard Time,2021-12-07,09:52:03,+0800,20227045,depressioncomsg,DEPRESSION DESIGNS,,SECTS SHOP by Depression  Orchard Gateway 04-14  Singapore   https://t.co/kcOenpmbgX - Minimalist black clothes &amp; street goth fits  https://t.co/HZ7uAy2s3a,en,[],['http://www.sectsshop.com'],['https://pbs.twimg.com/media/FF-CileakAAABEI.jpg'],0,0,0,[],[],https://twitter.com/DEPRESSIONcomsg/status/1468035543703629829,False,,1,https://pbs.twimg.com/media/FF-CileakAAABEI.jpg,,"1.290270,103.851959,30km",,,,,[],,,,
1468035447171747840,1468035447171747840,2021-12-07 09:51:40 Malay Peninsula Standard Time,2021-12-07,09:51:40,+0800,20227045,depressioncomsg,DEPRESSION DESIGNS,,In DEPRESSION  https://t.co/yFQnxhfNhp,en,[],[],['https://pbs.twimg.com/media/FF-CdBLaQAIU4qo.jpg'],0,0,0,[],[],https://twitter.com/DEPRESSIONcomsg/status/1468035447171747840,False,,1,https://pbs.twimg.com/media/FF-CdBLaQAIU4qo.jpg,,"1.290270,103.851959,30km",,,,,[],,,,
1467316052027527170,1467316052027527170,2021-12-05 10:13:02 Malay Peninsula Standard Time,2021-12-05,10:13:02,+0800,20227045,depressioncomsg,DEPRESSION DESIGNS,,Depression @ SECTS SHOP  Orchard Gateway 04-14  Singapore   https://t.co/kcOenp422P - Minimalist black clothes &amp; street goth fits  https://t.co/Zmf7nDZS5g,en,[],['http://www.sectsshop.com'],['https://pbs.twimg.com/media/FFz0Kw8aAAYowIb.jpg'],0,0,0,[],[],https://twitter.com/DEPRESSIONcomsg/status/1467316052027527170,False,,1,https://pbs.twimg.com/media/FFz0Kw8aAAYowIb.jpg,,"1.290270,103.851959,30km",,,,,[],,,,
1466769806695145474,1466769806695145474,2021-12-03 22:02:27 Malay Peninsula Standard Time,2021-12-03,22:02:27,+0800,1073557224,emmakentang,man child,,All I‚Äôve had in the last 24hours was coffee. I like to call it depression diet ‚ú®,en,[],[],[],0,0,0,[],[],https://twitter.com/EmmaKentang/status/1466769806695145474,False,,0,,,"1.290270,103.851959,30km",,,,,[],,,,
1466543166031491073,1466543166031491073,2021-12-03 07:01:52 Malay Peninsula Standard Time,2021-12-03,07:01:52,+0800,66680359,athrennaakira,Agastyana,,I think we need to make an arsenal Depression support group,en,[],[],[],0,0,1,[],[],https://twitter.com/Athrennaakira/status/1466543166031491073,False,,0,,,"1.290270,103.851959,30km",,,,,[],,,,
1465858928898572292,1465858928898572292,2021-12-01 09:42:57 Malay Peninsula Standard Time,2021-12-01,09:42:57,+0800,20227045,depressioncomsg,DEPRESSION DESIGNS,,This month is the best time to get Depression  - 15% Off for non-members  30% Off for members  40% Off past-season pieces Further 10% Off when u buy 3 or more items   ps. Merry Xmas from all of us at Depression &amp; Sects Shop  https://t.co/jIO9bd4VTz,en,[],[],['https://pbs.twimg.com/media/FFfG7HDaQAMeaeu.jpg'],0,0,0,[],[],https://twitter.com/DEPRESSIONcomsg/status/1465858928898572292,False,,1,https://pbs.twimg.com/media/FFfG7HDaQAMeaeu.jpg,,"1.290270,103.851959,30km",,,,,[],,,,
1465487943536050178,1465487943536050178,2021-11-30 09:08:47 Malay Peninsula Standard Time,2021-11-30,09:08:47,+0800,1923583964,sectsshop,Sects.Shop,,UNNORM IS DEAD  -  SECTS SHOP BY DEPRESSION üìç Orchard Gateway 04-14   -  #sectsshop #unnorm #unnormisdead #boyslovesects #streetgothfits  https://t.co/J3SiYRvqFN,en,[],[],"['https://pbs.twimg.com/media/FFZ1f8RakAIVLO7.jpg', 'https://pbs.twimg.com/media/FFZ1f8NaAAIVUZr.jpg', 'https://pbs.twimg.com/media/FFZ1f8OaAAArnLN.jpg', 'https://pbs.twimg.com/media/FFZ1f9GagAAlfgq.jpg']",0,0,1,"['sectsshop', 'unnorm', 'unnormisdead', 'boyslovesects', 'streetgothfits']",[],https://twitter.com/SectsShop/status/1465487943536050178,False,,1,https://pbs.twimg.com/media/FFZ1f8RakAIVLO7.jpg,,"1.290270,103.851959,30km",,,,,[],,,,
1465487723737665539,1465487723737665539,2021-11-30 09:07:55 Malay Peninsula Standard Time,2021-11-30,09:07:55,+0800,1923583964,sectsshop,Sects.Shop,,SEOKWOON YOON  -  SECTS SHOP BY DEPRESSION üìç Orchard Gateway 04-14   -  #sectsshop #seokwoonyoon #boyslovesects #streetgothfits  https://t.co/78GfUC3pLT,en,[],[],"['https://pbs.twimg.com/media/FFZ1T71aMAAip4m.jpg', 'https://pbs.twimg.com/media/FFZ1T8-aIAAtPLM.jpg', 'https://pbs.twimg.com/media/FFZ1T-LaQAA42EE.jpg', 'https://pbs.twimg.com/media/FFZ1T_7akAU1zBB.jpg']",0,0,1,"['sectsshop', 'seokwoonyoon', 'boyslovesects', 'streetgothfits']",[],https://twitter.com/SectsShop/status/1465487723737665539,False,,1,https://pbs.twimg.com/media/FFZ1T71aMAAip4m.jpg,,"1.290270,103.851959,30km",,,,,[],,,,
1465487303350972416,1465487303350972416,2021-11-30 09:06:15 Malay Peninsula Standard Time,2021-11-30,09:06:15,+0800,20227045,depressioncomsg,DEPRESSION DESIGNS,,in DEPRESSION  https://t.co/Mm7i9d07R3,en,[],[],['https://pbs.twimg.com/media/FFZ07ZKaQAABtEG.jpg'],0,0,1,[],[],https://twitter.com/DEPRESSIONcomsg/status/1465487303350972416,False,,1,https://pbs.twimg.com/media/FFZ07ZKaQAABtEG.jpg,,"1.290270,103.851959,30km",,,,,[],,,,
1464558458632507398,1464555636398571521,2021-11-27 19:35:21 Malay Peninsula Standard Time,2021-11-27,19:35:21,+0800,392675049,zubirmarsan,obey üè¥,,"Joke aside, this poor fella seems to having depression probably with his work. Hopefully nothing wrong against him with the authority. May he get the proper treatment and justice with his work üôè",en,[],[],[],0,0,0,[],[],https://twitter.com/ZubirMarsan/status/1464558458632507398,False,,0,,,"1.290270,103.851959,30km",,,,,[],,,,
1464409519727910913,1464409519727910913,2021-11-27 09:43:31 Malay Peninsula Standard Time,2021-11-27,09:43:31,+0800,20227045,depressioncomsg,DEPRESSION DESIGNS,,"„ÄêBFCM SALE CONTINUES„Äë15-70% OFF storewide + additional 10% OFF when u buy 3 items   Now‚Äôs the time to grab more black clothes from your fave designers like Julius, Rick Owens, Discord Yohji Yamamoto &amp; Depression‚Ä¶  üìç Sects Shop, Orchard Gateway 04-14 Singapore  https://t.co/4XaoyIntAn",en,[],[],['https://pbs.twimg.com/media/FFKgr7qacAA0c8d.jpg'],0,0,0,[],[],https://twitter.com/DEPRESSIONcomsg/status/1464409519727910913,False,,1,https://pbs.twimg.com/media/FFKgr7qacAA0c8d.jpg,,"1.290270,103.851959,30km",,,,,[],,,,
1464137152615309335,1464137152615309335,2021-11-26 15:41:14 Malay Peninsula Standard Time,2021-11-26,15:41:14,+0800,20227045,depressioncomsg,DEPRESSION DESIGNS,"{'type': 'Point', 'coordinates': [1.3006053, 103.83924872]}","DEPRESSION Vol. 6 ""Freedom"" Shirt  ‚ûñ  #depressiondesigns #depressionvol6 #sectsshop #boyslovesects #streetgothfits @ SECTS SHOP  https://t.co/17sip1NCtq",en,[],['https://www.instagram.com/p/CWuyWe3p9K5/?utm_medium=twitter'],[],0,0,0,"['depressiondesigns', 'depressionvol6', 'sectsshop', 'boyslovesects', 'streetgothfits']",[],https://twitter.com/DEPRESSIONcomsg/status/1464137152615309335,False,,0,,,"1.290270,103.851959,30km",,,,,[],,,,
1464136054806614017,1464136054806614017,2021-11-26 15:36:52 Malay Peninsula Standard Time,2021-11-26,15:36:52,+0800,20227045,depressioncomsg,DEPRESSION DESIGNS,"{'type': 'Point', 'coordinates': [1.3006053, 103.83924872]}","DEPRESSION Vol. 6 ""Freedom"" Shirt  ‚ûñ  #depressiondesigns #depressionvol6 #sectsshop #boyslovesects #streetgothfits @ SECTS SHOP  https://t.co/qh0DcmMze6",en,[],['https://www.instagram.com/p/CWux2mtJljp/?utm_medium=twitter'],[],0,0,0,"['depressiondesigns', 'depressionvol6', 'sectsshop', 'boyslovesects', 'streetgothfits']",[],https://twitter.com/DEPRESSIONcomsg/status/1464136054806614017,False,,0,,,"1.290270,103.851959,30km",,,,,[],,,,
1464051741805056002,1464051741805056002,2021-11-26 10:01:50 Malay Peninsula Standard Time,2021-11-26,10:01:50,+0800,20227045,depressioncomsg,DEPRESSION DESIGNS,,"15-70% OFF storewide + additional 10% OFF when u buy 3 items   Now‚Äôs the time to grab more black clothes from your fave designers like Julius, Rick Owens, Discord Yohji Yamamoto &amp; Depression üìç Sects Shop, Orchard Gateway 04-14 Singapore  üïπ  https://t.co/kcOenp422P  https://t.co/Y0Z9KiSSqQ",en,[],['http://www.sectsshop.com'],['https://pbs.twimg.com/media/FFFbS7fagAI6W9Z.jpg'],0,0,2,[],[],https://twitter.com/DEPRESSIONcomsg/status/1464051741805056002,False,,1,https://pbs.twimg.com/media/FFFbS7fagAI6W9Z.jpg,,"1.290270,103.851959,30km",,,,,[],,,,
1463860235924389900,1463860235924389900,2021-11-25 21:20:52 Malay Peninsula Standard Time,2021-11-25,21:20:52,+0800,20227045,depressioncomsg,DEPRESSION DESIGNS,"{'type': 'Point', 'coordinates': [1.3006053, 103.83924872]}","DEPRESSION Vol. 6 ""Vaccinated"" Tee  ‚ûñ  #depressiondesigns #depressionvol6 #sectsshop #boyslovesects #streetgothfits @ SECTS SHOP  https://t.co/aBjvd4Bool",en,[],['https://www.instagram.com/p/CWs0bEppugm/?utm_medium=twitter'],[],0,0,1,"['depressiondesigns', 'depressionvol6', 'sectsshop', 'boyslovesects', 'streetgothfits']",[],https://twitter.com/DEPRESSIONcomsg/status/1463860235924389900,False,,0,,,"1.290270,103.851959,30km",,,,,[],,,,
1463860037588189188,1463860037588189188,2021-11-25 21:20:04 Malay Peninsula Standard Time,2021-11-25,21:20:04,+0800,20227045,depressioncomsg,DEPRESSION DESIGNS,"{'type': 'Point', 'coordinates': [1.3006053, 103.83924872]}","DEPRESSION Vol. 6 ""Vaccinated"" Tee  ‚ûñ  #depressiondesigns #depressionvol6 #sectsshop #boyslovesects #streetgothfits @ SECTS SHOP  https://t.co/BTLiT7uOfq",en,[],['https://www.instagram.com/p/CWs0VRjJVeR/?utm_medium=twitter'],[],0,0,0,"['depressiondesigns', 'depressionvol6', 'sectsshop', 'boyslovesects', 'streetgothfits']",[],https://twitter.com/DEPRESSIONcomsg/status/1463860037588189188,False,,0,,,"1.290270,103.851959,30km",,,,,[],,,,
1463859763016577029,1463859763016577029,2021-11-25 21:18:59 Malay Peninsula Standard Time,2021-11-25,21:18:59,+0800,20227045,depressioncomsg,DEPRESSION DESIGNS,"{'type': 'Point', 'coordinates': [1.3006053, 103.83924872]}","DEPRESSION Vol. 6 ""Vaccinated"" Tee  ‚ûñ  #depressiondesigns #depressionvol6 #sectsshop #boyslovesects #streetgothfits @ SECTS SHOP  https://t.co/21j0QGF6zU",en,[],['https://www.instagram.com/p/CWs0NXppZ5h/?utm_medium=twitter'],[],0,0,0,"['depressiondesigns', 'depressionvol6', 'sectsshop', 'boyslovesects', 'streetgothfits']",[],https://twitter.com/DEPRESSIONcomsg/status/1463859763016577029,False,,0,,,"1.290270,103.851959,30km",,,,,[],,,,
1463514485835145217,1463514485835145217,2021-11-24 22:26:58 Malay Peninsula Standard Time,2021-11-24,22:26:58,+0800,20227045,depressioncomsg,DEPRESSION DESIGNS,"{'type': 'Point', 'coordinates': [1.3006053, 103.83924872]}","DEPRESSION Vol. 6 ""Antidote"" Tee  ‚ûñ  #depressiondesigns #depressionvol6 #sectsshop #boyslovesects #streetgothfits @ SECTS SHOP  https://t.co/n8BbS1U4pX",ht,[],['https://www.instagram.com/p/CWqXMeRP0Lp/?utm_medium=twitter'],[],0,0,0,"['depressiondesigns', 'depressionvol6', 'sectsshop', 'boyslovesects', 'streetgothfits']",[],https://twitter.com/DEPRESSIONcomsg/status/1463514485835145217,False,,0,,,"1.290270,103.851959,30km",,,,,[],,,,
1463514140786450432,1463514140786450432,2021-11-24 22:25:36 Malay Peninsula Standard Time,2021-11-24,22:25:36,+0800,20227045,depressioncomsg,DEPRESSION DESIGNS,"{'type': 'Point', 'coordinates': [1.3006053, 103.83924872]}","DEPRESSION Vol. 6 ""Antidote"" Tee  ‚ûñ  #depressiondesigns #depressionvol6 #sectsshop #boyslovesects #streetgothfits @ SECTS SHOP  https://t.co/l5IqIOlbaM",ht,[],['https://www.instagram.com/p/CWqXCbwvtvq/?utm_medium=twitter'],[],0,0,0,"['depressiondesigns', 'depressionvol6', 'sectsshop', 'boyslovesects', 'streetgothfits']",[],https://twitter.com/DEPRESSIONcomsg/status/1463514140786450432,False,,0,,,"1.290270,103.851959,30km",,,,,[],,,,
1463513869268262918,1463513869268262918,2021-11-24 22:24:31 Malay Peninsula Standard Time,2021-11-24,22:24:31,+0800,20227045,depressioncomsg,DEPRESSION DESIGNS,"{'type': 'Point', 'coordinates': [1.3006053, 103.83924872]}","DEPRESSION Vol. 6 ""Antidote"" Tee  ‚ûñ  #depressiondesigns #depressionvol6 #sectsshop #boyslovesects #streetgothfits @ SECTS SHOP  https://t.co/L1O2Kz37Uz",ht,[],['https://www.instagram.com/p/CWqW6fGPX2s/?utm_medium=twitter'],[],0,0,0,"['depressiondesigns', 'depressionvol6', 'sectsshop', 'boyslovesects', 'streetgothfits']",[],https://twitter.com/DEPRESSIONcomsg/status/1463513869268262918,False,,0,,,"1.290270,103.851959,30km",,,,,[],,,,
1463329415866159111,1463329415866159111,2021-11-24 10:11:34 Malay Peninsula Standard Time,2021-11-24,10:11:34,+0800,20227045,depressioncomsg,DEPRESSION DESIGNS,,BLK FRI SALE  -  SECTS SHOP BY DEPRESSION üìç Orchard Gateway 04-14   -  Till 29 Nov #blackfriyaysale #sectsshopsale  https://t.co/XvfyS14dWX,en,[],[],['https://pbs.twimg.com/media/FE7KWJ6aQAACtLd.jpg'],0,0,0,"['blackfriyaysale', 'sectsshopsale']",[],https://twitter.com/DEPRESSIONcomsg/status/1463329415866159111,False,,1,https://pbs.twimg.com/media/FE7KWJ6aQAACtLd.jpg,,"1.290270,103.851959,30km",,,,,[],,,,
1463001967781761024,1463001967781761024,2021-11-23 12:30:25 Malay Peninsula Standard Time,2021-11-23,12:30:25,+0800,716171416786210816,nam1ra_,Namira ‚ô°,,depression and anxiety is real.,en,[],[],[],0,0,0,[],[],https://twitter.com/nam1ra_/status/1463001967781761024,False,,0,,,"1.290270,103.851959,30km",,,,,[],,,,
1462969180731236366,1462969180731236366,2021-11-23 10:20:07 Malay Peninsula Standard Time,2021-11-23,10:20:07,+0800,1923583964,sectsshop,Sects.Shop,,Black Friday Sale Now On -  SECTS SHOP BY DEPRESSION üìç Orchard Gateway 04-14   -  Till 29 Nov #blackfriyaysale #sectsshopsale  https://t.co/03dxoPf1zK,en,[],[],['https://pbs.twimg.com/media/FE2CtqGacAARsYy.jpg'],0,0,0,"['blackfriyaysale', 'sectsshopsale']",[],https://twitter.com/SectsShop/status/1462969180731236366,False,,1,https://pbs.twimg.com/media/FE2CtqGacAARsYy.jpg,,"1.290270,103.851959,30km",,,,,[],,,,
1462610601675563016,1462610601675563016,2021-11-22 10:35:16 Malay Peninsula Standard Time,2021-11-22,10:35:16,+0800,20227045,depressioncomsg,DEPRESSION DESIGNS,"{'type': 'Point', 'coordinates': [1.3006053, 103.83924872]}","DEPRESSION Vol. 6 ""Freedom Capsule""  ‚ûñ  #depressiondesigns #depressionvol6 #sectsshop #boyslovesects #streetgothfits @ SECTS SHOP  https://t.co/OFCKfq9znK",en,[],['https://www.instagram.com/p/CWj8J70PYSr/?utm_medium=twitter'],[],0,0,0,"['depressiondesigns', 'depressionvol6', 'sectsshop', 'boyslovesects', 'streetgothfits']",[],https://twitter.com/DEPRESSIONcomsg/status/1462610601675563016,False,,0,,,"1.290270,103.851959,30km",,,,,[],,,,
1462610410385854464,1462610410385854464,2021-11-22 10:34:30 Malay Peninsula Standard Time,2021-11-22,10:34:30,+0800,20227045,depressioncomsg,DEPRESSION DESIGNS,"{'type': 'Point', 'coordinates': [1.3006053, 103.83924872]}","DEPRESSION Vol. 6 ""Freedom Capsule""  ‚ûñ  #depressiondesigns #depressionvol6 #sectsshop #boyslovesects #streetgothfits @ SECTS SHOP  https://t.co/0e4Fd3hKEy",en,[],['https://www.instagram.com/p/CWj8EdtvYX2/?utm_medium=twitter'],[],0,0,0,"['depressiondesigns', 'depressionvol6', 'sectsshop', 'boyslovesects', 'streetgothfits']",[],https://twitter.com/DEPRESSIONcomsg/status/1462610410385854464,False,,0,,,"1.290270,103.851959,30km",,,,,[],,,,
1462610144144076802,1462610144144076802,2021-11-22 10:33:27 Malay Peninsula Standard Time,2021-11-22,10:33:27,+0800,20227045,depressioncomsg,DEPRESSION DESIGNS,"{'type': 'Point', 'coordinates': [1.3006053, 103.83924872]}","DEPRESSION Vol. 6 ""Freedom Capsule""  ‚ûñ  #depressiondesigns #depressionvol6 #sectsshop #boyslovesects #streetgothfits @ SECTS SHOP  https://t.co/Dl1vKEEHXJ",en,[],['https://www.instagram.com/p/CWj78mpv6FM/?utm_medium=twitter'],[],0,0,0,"['depressiondesigns', 'depressionvol6', 'sectsshop', 'boyslovesects', 'streetgothfits']",[],https://twitter.com/DEPRESSIONcomsg/status/1462610144144076802,False,,0,,,"1.290270,103.851959,30km",,,,,[],,,,
1462607387685048326,1462607387685048326,2021-11-22 10:22:29 Malay Peninsula Standard Time,2021-11-22,10:22:29,+0800,1923583964,sectsshop,Sects.Shop,,SEOKWOON YOON  -  SECTS SHOP BY DEPRESSION üìç Orchard Gateway 04-14   -  #sectsshop #seokwoonyoon #boyslovesects #streetgothfits  https://t.co/WHyRoE6PXz,en,[],[],"['https://pbs.twimg.com/media/FEw5qVFagAA1Fzi.jpg', 'https://pbs.twimg.com/media/FEw5qWhaQAA_t5x.jpg', 'https://pbs.twimg.com/media/FEw5qXuakAEpGiX.jpg', 'https://pbs.twimg.com/media/FEw5qYxagAAyQNL.jpg']",0,0,1,"['sectsshop', 'seokwoonyoon', 'boyslovesects', 'streetgothfits']",[],https://twitter.com/SectsShop/status/1462607387685048326,False,,1,https://pbs.twimg.com/media/FEw5qVFagAA1Fzi.jpg,,"1.290270,103.851959,30km",,,,,[],,,,
1462251175307145225,1462251175307145225,2021-11-21 10:47:02 Malay Peninsula Standard Time,2021-11-21,10:47:02,+0800,1923583964,sectsshop,Sects.Shop,,SEOKWOON YOON  -  SECTS SHOP BY DEPRESSION üìç Orchard Gateway 04-14   -  #sectsshop #seokwoonyoon #boyslovesects #streetgothfits  https://t.co/pNMlTXAHM4,en,[],[],"['https://pbs.twimg.com/media/FEr1rP-UYAM7vjt.jpg', 'https://pbs.twimg.com/media/FEr1rPzaMAIJA8-.jpg', 'https://pbs.twimg.com/media/FEr1rRQVQAgPUSg.jpg', 'https://pbs.twimg.com/media/FEr1rSrUcAIkUaR.jpg']",0,0,0,"['sectsshop', 'seokwoonyoon', 'boyslovesects', 'streetgothfits']",[],https://twitter.com/SectsShop/status/1462251175307145225,False,,1,https://pbs.twimg.com/media/FEr1rP-UYAM7vjt.jpg,,"1.290270,103.851959,30km",,,,,[],,,,
1462250992989138947,1462250992989138947,2021-11-21 10:46:18 Malay Peninsula Standard Time,2021-11-21,10:46:18,+0800,1923583964,sectsshop,Sects.Shop,,Black Friday Sale Now On -  SECTS SHOP BY DEPRESSION üìç Orchard Gateway 04-14   -  Till 29 Nov #blackfriyaysale #sectsshopsale  https://t.co/dIp5tAUNbS,en,[],[],['https://pbs.twimg.com/media/FEr1hhYakAAc2Nj.jpg'],0,0,1,"['blackfriyaysale', 'sectsshopsale']",[],https://twitter.com/SectsShop/status/1462250992989138947,False,,1,https://pbs.twimg.com/media/FEr1hhYakAAc2Nj.jpg,,"1.290270,103.851959,30km",,,,,[],,,,
1461888726573879301,1461888726573879301,2021-11-20 10:46:47 Malay Peninsula Standard Time,2021-11-20,10:46:47,+0800,20227045,depressioncomsg,DEPRESSION DESIGNS,,DEPRESSION Vol 6 available at Sects Shop  -  Orchard Gateway 04-14 Singapore   -  Online  https://t.co/uRpapxfkrF  https://t.co/1hh24l6V5o,en,[],['https://shopdepression.com/collections/vol6'],"['https://pbs.twimg.com/media/FEmsC5yXIAIxj7a.jpg', 'https://pbs.twimg.com/media/FEmsC5aVcAg_gzW.jpg', 'https://pbs.twimg.com/media/FEmsC5eVcAcjMcP.jpg', 'https://pbs.twimg.com/media/FEmsC51XIAQNMc7.jpg']",0,0,0,[],[],https://twitter.com/DEPRESSIONcomsg/status/1461888726573879301,False,,1,https://pbs.twimg.com/media/FEmsC5yXIAIxj7a.jpg,,"1.290270,103.851959,30km",,,,,[],,,,
1461522944543191045,1461522944543191045,2021-11-19 10:33:18 Malay Peninsula Standard Time,2021-11-19,10:33:18,+0800,1923583964,sectsshop,Sects.Shop,,A sale to provide relief for any bout of depression  -  SECTS SHOP BY DEPRESSION üìç Orchard Gateway 04-14   -  Till 29 Nov #blackfriyaysale #sectsshopsale  https://t.co/nKcep1aXBL,en,[],[],['https://pbs.twimg.com/media/FEhfXhoaIAA98Ng.jpg'],0,0,0,"['blackfriyaysale', 'sectsshopsale']",[],https://twitter.com/SectsShop/status/1461522944543191045,False,,1,https://pbs.twimg.com/media/FEhfXhoaIAA98Ng.jpg,,"1.290270,103.851959,30km",,,,,[],,,,
1461522761646444544,1461522761646444544,2021-11-19 10:32:34 Malay Peninsula Standard Time,2021-11-19,10:32:34,+0800,20227045,depressioncomsg,DEPRESSION DESIGNS,,A sale to provide relief for any bout of depression  -  SECTS SHOP BY DEPRESSION üìç Orchard Gateway 04-14   -  Till 29 Nov #blackfriyaysale #sectsshopsale  https://t.co/JjWIPl72BQ,en,[],[],['https://pbs.twimg.com/media/FEhfM5BaUAAiaBf.jpg'],0,0,0,"['blackfriyaysale', 'sectsshopsale']",[],https://twitter.com/DEPRESSIONcomsg/status/1461522761646444544,False,,1,https://pbs.twimg.com/media/FEhfM5BaUAAiaBf.jpg,,"1.290270,103.851959,30km",,,,,[],,,,
1461147237979885571,1461142518456721409,2021-11-18 09:40:22 Malay Peninsula Standard Time,2021-11-18,09:40:22,+0800,17101042,musangbatu,musangbatu,,@dyanna2909 Aku pun teruk kena imposter syndrome ni especially this year since aku struggle teruk dgn depression anxiety and burn out. Apa aku bg hanyalah apa yg aku mampu tp org nilaikan kerja aku ok,in,[],[],[],1,0,1,[],[],https://twitter.com/musangbatu/status/1461147237979885571,False,,0,,,"1.290270,103.851959,30km",,,,,"[{'screen_name': 'dyanna2909', 'name': 'sukatiku_üå∫üá≤üáæüéæ', 'id': '19180071'}]",,,,
1459802955029180416,1459802955029180416,2021-11-14 16:38:40 Malay Peninsula Standard Time,2021-11-14,16:38:40,+0800,76297929,edwinisdenim,Captain Elsa,,$2.50  Food to combat depression.  https://t.co/Bmon1bPRJd,en,[],[],['https://pbs.twimg.com/media/FEJDDDOUcAA256z.jpg'],0,0,1,[],[],https://twitter.com/edwinisdenim/status/1459802955029180416,False,,1,https://pbs.twimg.com/media/FEJDDDOUcAA256z.jpg,,"1.290270,103.851959,30km",,,,,[],,,,
1458330507754631169,1458330507754631169,2021-11-10 15:07:42 Malay Peninsula Standard Time,2021-11-10,15:07:42,+0800,51385779,sawayamadoll,rene√© made CL laugh rip me,,i have finally decided to start terraforming my island bc i‚Äôm at peak depression,en,[],[],[],0,0,5,[],[],https://twitter.com/sawayamadoll/status/1458330507754631169,False,,0,,,"1.290270,103.851959,30km",,,,,[],,,,
1458100737926471687,1458100737926471687,2021-11-09 23:54:40 Malay Peninsula Standard Time,2021-11-09,23:54:40,+0800,956423458627268608,sarahzolkafle,white snow,,My mind is still somewhere around the road in Kelantan and strolling by the beach in Terengganu. Post vacation depression üò¢,en,[],[],[],0,0,0,[],[],https://twitter.com/sarahzolkafle/status/1458100737926471687,False,,0,,,"1.290270,103.851959,30km",,,,,[],,,,
1476369181037580288,1476369181037580288,2021-12-30 09:46:57 Malay Peninsula Standard Time,2021-12-30,09:46:57,+0800,1923583964,sectsshop,Sects.Shop,,"Kenny wears UNNORM blazer, DEPRESSION pants &amp; tee with RICK OWENS sneakers  https://t.co/r28vMrtATt  https://t.co/PBoMieWBoj",en,[],['http://www.sectsshop.com'],['https://pbs.twimg.com/media/FH0d8TaacAEBSyK.jpg'],0,0,0,[],[],https://twitter.com/SectsShop/status/1476369181037580288,False,,1,https://pbs.twimg.com/media/FH0d8TaacAEBSyK.jpg,,"1.290270,103.851959,30km",,,,,[],,,,
1476368956990451713,1476368956990451713,2021-12-30 09:46:03 Malay Peninsula Standard Time,2021-12-30,09:46:03,+0800,1923583964,sectsshop,Sects.Shop,,DEPRESSION logo socks  https://t.co/ArFmrI5GV4  https://t.co/Im1Ecv8mW2,en,[],['https://sectsshop.com/collections/depression/products/depression-socks'],"['https://pbs.twimg.com/media/FH0dvBTaQAAa0ho.jpg', 'https://pbs.twimg.com/media/FH0dvBPaMAIstau.jpg', 'https://pbs.twimg.com/media/FH0dvBRaQAAZ-Rl.jpg']",0,0,0,[],[],https://twitter.com/SectsShop/status/1476368956990451713,False,,1,https://pbs.twimg.com/media/FH0dvBTaQAAa0ho.jpg,,"1.290270,103.851959,30km",,,,,[],,,,
1476368375341150209,1476368375341150209,2021-12-30 09:43:44 Malay Peninsula Standard Time,2021-12-30,09:43:44,+0800,20227045,depressioncomsg,DEPRESSION DESIGNS,,DEPRESSION Single Chain Necklace  https://t.co/viCADnR4iK,en,[],[],"['https://pbs.twimg.com/media/FH0dNCQaAAA23iG.jpg', 'https://pbs.twimg.com/media/FH0dNCPacAAzYeN.jpg', 'https://pbs.twimg.com/media/FH0dNCRaUAIP8Th.jpg']",0,0,0,[],[],https://twitter.com/DEPRESSIONcomsg/status/1476368375341150209,False,,1,https://pbs.twimg.com/media/FH0dNCQaAAA23iG.jpg,,"1.290270,103.851959,30km",,,,,[],,,,
1476314412990435331,1476195920941236228,2021-12-30 06:09:19 Malay Peninsula Standard Time,2021-12-30,06:09:19,+0800,160905689,nzrnrdn,Nazri | Breakpoint Lisbon üáµüáπ,,@aditik_29 depression,en,[],[],[],0,0,1,[],[],https://twitter.com/nzrnrdn/status/1476314412990435331,False,,0,,,"1.290270,103.851959,30km",,,,,"[{'screen_name': 'aditik_29', 'name': 'Aditi Khandelwal', 'id': '4368738433'}]",,,,
1476158097269805058,1476158097269805058,2021-12-29 19:48:10 Malay Peninsula Standard Time,2021-12-29,19:48:10,+0800,20227045,depressioncomsg,DEPRESSION DESIGNS,"{'type': 'Point', 'coordinates': [1.3006053, 103.83924872]}",ACC  DEPRESSION Full Moon Necklace   #depressiondesigns #sectsshop #boyslovesects #streetgothfits #depressionACC @ SECTS SHOP  https://t.co/muBug6y6Q2,en,[],['https://www.instagram.com/p/CYEM2CsJdJC/?utm_medium=twitter'],[],0,0,0,"['depressiondesigns', 'sectsshop', 'boyslovesects', 'streetgothfits', 'depressionacc']",[],https://twitter.com/DEPRESSIONcomsg/status/1476158097269805058,False,,0,,,"1.290270,103.851959,30km",,,,,[],,,,
1476157871796727808,1476157871796727808,2021-12-29 19:47:16 Malay Peninsula Standard Time,2021-12-29,19:47:16,+0800,20227045,depressioncomsg,DEPRESSION DESIGNS,"{'type': 'Point', 'coordinates': [1.3006053, 103.83924872]}",ACC  DEPRESSION Single Chain Necklace   #depressiondesigns #sectsshop #boyslovesects #streetgothfits #depressionACC @ SECTS SHOP  https://t.co/9uEt1eDudq,en,[],['https://www.instagram.com/depression_designs/p/CYEMvacJRVu/?utm_medium=twitter'],[],0,0,0,"['depressiondesigns', 'sectsshop', 'boyslovesects', 'streetgothfits', 'depressionacc']",[],https://twitter.com/DEPRESSIONcomsg/status/1476157871796727808,False,,0,,,"1.290270,103.851959,30km",,,,,[],,,,
1476013357316513795,1476013357316513795,2021-12-29 10:13:02 Malay Peninsula Standard Time,2021-12-29,10:13:02,+0800,1923583964,sectsshop,Sects.Shop,,DEPRESSION socks  https://t.co/ieSwhkJKrQ,en,[],[],"['https://pbs.twimg.com/media/FHvaUgfagAAc1zR.jpg', 'https://pbs.twimg.com/media/FHvaUgeagAIVU5h.jpg', 'https://pbs.twimg.com/media/FHvaUhuaQAIYzWg.jpg']",0,0,0,[],[],https://twitter.com/SectsShop/status/1476013357316513795,False,,1,https://pbs.twimg.com/media/FHvaUgfagAAc1zR.jpg,,"1.290270,103.851959,30km",,,,,[],,,,
1476013145273499648,1476013145273499648,2021-12-29 10:12:11 Malay Peninsula Standard Time,2021-12-29,10:12:11,+0800,20227045,depressioncomsg,DEPRESSION DESIGNS,,DEPRESSION vintage style necklace  https://t.co/Fgkp8aZ9GY,en,[],[],"['https://pbs.twimg.com/media/FHvaIECaIAIMXMl.jpg', 'https://pbs.twimg.com/media/FHvaID9akAUG1ni.jpg', 'https://pbs.twimg.com/media/FHvaIEBaAAALN-w.jpg']",0,0,1,[],[],https://twitter.com/DEPRESSIONcomsg/status/1476013145273499648,False,,1,https://pbs.twimg.com/media/FHvaIECaIAIMXMl.jpg,,"1.290270,103.851959,30km",,,,,[],,,,
1476013054630690818,1476013054630690818,2021-12-29 10:11:49 Malay Peninsula Standard Time,2021-12-29,10:11:49,+0800,20227045,depressioncomsg,DEPRESSION DESIGNS,,DEPRESSION ‚Äúantidote‚Äù tee  https://t.co/LvQydaimA9,ht,[],[],['https://pbs.twimg.com/media/FHvaC9JaUAEd2xR.jpg'],0,0,1,[],[],https://twitter.com/DEPRESSIONcomsg/status/1476013054630690818,False,,1,https://pbs.twimg.com/media/FHvaC9JaUAEd2xR.jpg,,"1.290270,103.851959,30km",,,,,[],,,,
1475651198287966211,1475651198287966211,2021-12-28 10:13:56 Malay Peninsula Standard Time,2021-12-28,10:13:56,+0800,1923583964,sectsshop,Sects.Shop,,Depression socks  https://t.co/WOJURbXRb3,en,[],[],"['https://pbs.twimg.com/media/FHqQ76taUAIkbbf.jpg', 'https://pbs.twimg.com/media/FHqQ77sacAM9DNR.jpg', 'https://pbs.twimg.com/media/FHqQ78vaMAEp8vt.jpg']",0,0,0,[],[],https://twitter.com/SectsShop/status/1475651198287966211,False,,1,https://pbs.twimg.com/media/FHqQ76taUAIkbbf.jpg,,"1.290270,103.851959,30km",,,,,[],,,,
1475650823992770562,1475650823992770562,2021-12-28 10:12:27 Malay Peninsula Standard Time,2021-12-28,10:12:27,+0800,20227045,depressioncomsg,DEPRESSION DESIGNS,,DEPRESSION antidote tee  https://t.co/exOAKLTBH2,ht,[],[],['https://pbs.twimg.com/media/FHqQmXQagAAHOqO.jpg'],0,0,0,[],[],https://twitter.com/DEPRESSIONcomsg/status/1475650823992770562,False,,1,https://pbs.twimg.com/media/FHqQmXQagAAHOqO.jpg,,"1.290270,103.851959,30km",,,,,[],,,,
1475622454831706112,1475622454831706112,2021-12-28 08:19:43 Malay Peninsula Standard Time,2021-12-28,08:19:43,+0800,1041565368,nurulnaziefa_,ŸÜŸàÿ± ÿßŸÑŸÜÿ∏ŸäŸÅÿ©,,Depression is real.   Don‚Äôt take pills.   Cari apa yang you hilang.   Be better.   Benarkah valid? I don‚Äôt think it‚Äôs applicable untuk everyone but Alhamdulillah you made it.,en,[],[],[],0,3,35,[],[],https://twitter.com/NurulNaziefa_/status/1475622454831706112,False,,0,,,"1.290270,103.851959,30km",,,,,[],,,,
1475389348434436097,1475389348434436097,2021-12-27 16:53:26 Malay Peninsula Standard Time,2021-12-27,16:53:26,+0800,859706173544472576,animefolyf,üëëEmo-saurus,,"Well if I had a kid one day, I'll try to be like the current version of my parents and not the version of them that raised me, they gave me all I needed as a kid only after I've become a adult and by the time they did this I was already fucked up depression lol",en,[],[],[],0,0,0,[],[],https://twitter.com/animefolyf/status/1475389348434436097,False,https://twitter.com/bxttylxtyf/status/1475083282098262018,0,,,"1.290270,103.851959,30km",,,,,[],,,,
1475293297547513856,1475293297547513856,2021-12-27 10:31:46 Malay Peninsula Standard Time,2021-12-27,10:31:46,+0800,1923583964,sectsshop,Sects.Shop,,Depression socks  https://t.co/5kWjyO3wCx,en,[],[],"['https://pbs.twimg.com/media/FHlLbdxaIAMUsPK.jpg', 'https://pbs.twimg.com/media/FHlLbexagAQC9Yv.jpg', 'https://pbs.twimg.com/media/FHlLbf0agAAllX5.jpg']",0,0,0,[],[],https://twitter.com/SectsShop/status/1475293297547513856,False,,1,https://pbs.twimg.com/media/FHlLbdxaIAMUsPK.jpg,,"1.290270,103.851959,30km",,,,,[],,,,
1475292883146080258,1475292883146080258,2021-12-27 10:30:07 Malay Peninsula Standard Time,2021-12-27,10:30:07,+0800,20227045,depressioncomsg,DEPRESSION DESIGNS,,Sects Shop by Depression üìç Orchard Gateway 04-14 Singapore  https://t.co/zbpcwd5HU2,en,[],[],['https://pbs.twimg.com/media/FHlLDdWaIAQ074M.jpg'],0,0,0,[],[],https://twitter.com/DEPRESSIONcomsg/status/1475292883146080258,False,,1,https://pbs.twimg.com/media/FHlLDdWaIAQ074M.jpg,,"1.290270,103.851959,30km",,,,,[],,,,
1475287498700075015,1475287498700075015,2021-12-27 10:08:43 Malay Peninsula Standard Time,2021-12-27,10:08:43,+0800,20227045,depressioncomsg,DEPRESSION DESIGNS,"{'type': 'Point', 'coordinates': [1.30096, 103.83896]}",SOCKS  DEPRESSION Logo knee-high socks   #depressiondesigns #sectsshop #boyslovesects #streetgothfits #depressionACC @ orchardgateway  https://t.co/5aTZJ19e0G,en,[],['https://www.instagram.com/p/CX-A8JsJRDq/?utm_medium=twitter'],[],0,0,0,"['depressiondesigns', 'sectsshop', 'boyslovesects', 'streetgothfits', 'depressionacc']",[],https://twitter.com/DEPRESSIONcomsg/status/1475287498700075015,False,,0,,,"1.290270,103.851959,30km",,,,,[],,,,
1475287298350661633,1475287298350661633,2021-12-27 10:07:56 Malay Peninsula Standard Time,2021-12-27,10:07:56,+0800,20227045,depressioncomsg,DEPRESSION DESIGNS,"{'type': 'Point', 'coordinates': [1.29306, 103.856]}",SOCKS  DEPRESSION Âä†Ê≤π ÔºåË∑ëËÖøÔºåKeep Walking &amp; Logo Knee-high socks   #depressiondesigns #sectsshop #boyslovesects #streetgothfits #depressionACC @ Singapore  https://t.co/oOsyJTleAV,en,[],['https://www.instagram.com/p/CX-A2aTJ_4_/?utm_medium=twitter'],[],0,0,0,"['depressiondesigns', 'sectsshop', 'boyslovesects', 'streetgothfits', 'depressionacc']",[],https://twitter.com/DEPRESSIONcomsg/status/1475287298350661633,False,,0,,,"1.290270,103.851959,30km",,,,,[],,,,
1475286887237660677,1475286887237660677,2021-12-27 10:06:18 Malay Peninsula Standard Time,2021-12-27,10:06:18,+0800,20227045,depressioncomsg,DEPRESSION DESIGNS,"{'type': 'Point', 'coordinates': [1.3006053, 103.83924872]}",SOCKS  DEPRESSION Ë∑ëËÖø  #depressiondesigns #sectsshop #boyslovesects #streetgothfits #depressionACC @ SECTS SHOP  https://t.co/eRzr3ufdil,en,[],['https://www.instagram.com/p/CX-AqXbJALB/?utm_medium=twitter'],[],0,0,0,"['depressiondesigns', 'sectsshop', 'boyslovesects', 'streetgothfits', 'depressionacc']",[],https://twitter.com/DEPRESSIONcomsg/status/1475286887237660677,False,,0,,,"1.290270,103.851959,30km",,,,,[],,,,
1475176348498997255,1475176348498997255,2021-12-27 02:47:03 Malay Peninsula Standard Time,2021-12-27,02:47:03,+0800,1078941953939582981,sharkdududu94,xXMNoPeeXx,,Crying and smiling for apparel reason.... #Anxiety  #depression,en,[],[],[],0,0,0,"['anxiety', 'depression']",[],https://twitter.com/sharkdududu94/status/1475176348498997255,False,,0,,,"1.290270,103.851959,30km",,,,,[],,,,
1474932449306378244,1474932449306378244,2021-12-26 10:37:53 Malay Peninsula Standard Time,2021-12-26,10:37:53,+0800,1923583964,sectsshop,Sects.Shop,,Depression ‚Äúfreedom‚Äù shirts  https://t.co/ZHQNARn0R9,en,[],[],"['https://pbs.twimg.com/media/FHgDPZCaQAApOaT.jpg', 'https://pbs.twimg.com/media/FHgDPaBacAUkXIc.jpg']",0,0,0,[],[],https://twitter.com/SectsShop/status/1474932449306378244,False,,1,https://pbs.twimg.com/media/FHgDPZCaQAApOaT.jpg,,"1.290270,103.851959,30km",,,,,[],,,,
1474932014671613952,1474932014671613952,2021-12-26 10:36:09 Malay Peninsula Standard Time,2021-12-26,10:36:09,+0800,20227045,depressioncomsg,DEPRESSION DESIGNS,,Sects Shop by Depression üìç Orchard Gateway 04-14 Singapore  https://t.co/aIxQjZF8lE,en,[],[],['https://pbs.twimg.com/media/FHgC2IXakAAVXX_.jpg'],0,0,0,[],[],https://twitter.com/DEPRESSIONcomsg/status/1474932014671613952,False,,1,https://pbs.twimg.com/media/FHgC2IXakAAVXX_.jpg,,"1.290270,103.851959,30km",,,,,[],,,,
1474826818590969857,1474826818590969857,2021-12-26 03:38:09 Malay Peninsula Standard Time,2021-12-26,03:38:09,+0800,1360675817143947265,sofiah22781328,Sofiah,,"It actually ""human trafficking"" so please don't talk to anyone except the united nations. This is a form of abuse which could lead to depression. Just don't trust anyone but yourself.  https://t.co/n310JXWi5w",en,[],[],['https://pbs.twimg.com/media/FHejLPUUUAQvaRK.jpg'],0,0,0,[],[],https://twitter.com/Sofiah22781328/status/1474826818590969857,False,,1,https://pbs.twimg.com/media/FHejLPUUUAQvaRK.jpg,,"1.290270,103.851959,30km",,,,,[],,,,
1474611635650056192,1474611635650056192,2021-12-25 13:23:05 Malay Peninsula Standard Time,2021-12-25,13:23:05,+0800,20227045,depressioncomsg,DEPRESSION DESIGNS,,Merry Christmas from all of us at Sects Shop &amp; Depression label  ‚õÑÔ∏è We are open today till 9pm  ‚õÑÔ∏è Find us at Orchard Gateway 04-14 Singapore  https://t.co/uYLhKftjxj,en,[],[],['https://pbs.twimg.com/media/FHbfdsIVcAIBvIE.jpg'],0,0,0,[],[],https://twitter.com/DEPRESSIONcomsg/status/1474611635650056192,False,,1,https://pbs.twimg.com/media/FHbfdsIVcAIBvIE.jpg,,"1.290270,103.851959,30km",,,,,[],,,,
1474611586417319941,1474611586417319941,2021-12-25 13:22:53 Malay Peninsula Standard Time,2021-12-25,13:22:53,+0800,20227045,depressioncomsg,DEPRESSION DESIGNS,,Merry Christmas from all of us at Sects Shop &amp; Depression label  ‚õÑÔ∏è We are open today till 9pm  ‚õÑÔ∏è Find us at Orchard Gateway 04-14 Singapore  https://t.co/aYbHqKyH85,en,[],[],['https://pbs.twimg.com/media/FHbfajTVEAMAP0h.jpg'],0,0,0,[],[],https://twitter.com/DEPRESSIONcomsg/status/1474611586417319941,False,,1,https://pbs.twimg.com/media/FHbfajTVEAMAP0h.jpg,,"1.290270,103.851959,30km",,,,,[],,,,
1474323886908923905,1474323886908923905,2021-12-24 18:19:40 Malay Peninsula Standard Time,2021-12-24,18:19:40,+0800,1156628718,namilo1312,Z üè¥,,The air in sg is full of depression and sadness.,en,[],[],[],1,0,1,[],[],https://twitter.com/namilo1312/status/1474323886908923905,False,,0,,,"1.290270,103.851959,30km",,,,,[],,,,
1474258308009713664,1474258308009713664,2021-12-24 13:59:05 Malay Peninsula Standard Time,2021-12-24,13:59:05,+0800,1923583964,sectsshop,Sects.Shop,"{'type': 'Point', 'coordinates': [1.3006053, 103.83924872]}","üéÑpicks üéÑ DEPRESSION ‚ÄúLogo‚Äù Knee-high Socks   -  Sects Shop, Orchard Gateway 04-14 Singapore   #depressiondesigns #depressionACC #sectsshop #boyslovesects #streetgothfits #orchardroad #orchardgateway #singapore  https://t.co/ZNBGGUcc6Z",en,[],['https://www.instagram.com/p/CX2s6ytPsJK/?utm_medium=twitter'],[],0,0,0,"['depressiondesigns', 'depressionacc', 'sectsshop', 'boyslovesects', 'streetgothfits', 'orchardroad', 'orchardgateway', 'singapore']",[],https://twitter.com/SectsShop/status/1474258308009713664,False,,0,,,"1.290270,103.851959,30km",,,,,[],,,,
1474258030422286357,1474258030422286357,2021-12-24 13:57:59 Malay Peninsula Standard Time,2021-12-24,13:57:59,+0800,1923583964,sectsshop,Sects.Shop,"{'type': 'Point', 'coordinates': [1.3006053, 103.83924872]}","üéÑpicks üéÑ DEPRESSION ‚ÄúLogo‚Äù Knee-high Socks   -  Sects Shop, Orchard Gateway 04-14 Singapore   #depressiondesigns #depressionACC #sectsshop #boyslovesects #streetgothfits #orchardroad #orchardgateway #singapore  https://t.co/HBS3VIjXa5",en,[],['https://www.instagram.com/p/CX2syuHPpfQ/?utm_medium=twitter'],[],0,0,0,"['depressiondesigns', 'depressionacc', 'sectsshop', 'boyslovesects', 'streetgothfits', 'orchardroad', 'orchardgateway', 'singapore']",[],https://twitter.com/SectsShop/status/1474258030422286357,False,,0,,,"1.290270,103.851959,30km",,,,,[],,,,
1474257859516911618,1474257859516911618,2021-12-24 13:57:18 Malay Peninsula Standard Time,2021-12-24,13:57:18,+0800,1923583964,sectsshop,Sects.Shop,"{'type': 'Point', 'coordinates': [1.3006053, 103.83924872]}","üéÑpicks üéÑ DEPRESSION ‚ÄúLogo‚Äù Knee-high Socks   -  Sects Shop, Orchard Gateway 04-14 Singapore   #depressiondesigns #depressionACC #sectsshop #boyslovesects #streetgothfits #orchardroad #orchardgateway #singapore  https://t.co/T9KdXxCfdl",en,[],['https://www.instagram.com/p/CX2stpXPk96/?utm_medium=twitter'],[],0,0,0,"['depressiondesigns', 'depressionacc', 'sectsshop', 'boyslovesects', 'streetgothfits', 'orchardroad', 'orchardgateway', 'singapore']",[],https://twitter.com/SectsShop/status/1474257859516911618,False,,0,,,"1.290270,103.851959,30km",,,,,[],,,,
1474186867323015178,1474186867323015178,2021-12-24 09:15:12 Malay Peninsula Standard Time,2021-12-24,09:15:12,+0800,1923583964,sectsshop,Sects.Shop,,DEPRESSION tees  https://t.co/P99VOy5GUw,en,[],[],"['https://pbs.twimg.com/media/FHVdIwxaMAM6DWe.jpg', 'https://pbs.twimg.com/media/FHVdIwuaIAIe0hv.jpg']",0,0,0,[],[],https://twitter.com/SectsShop/status/1474186867323015178,False,,1,https://pbs.twimg.com/media/FHVdIwxaMAM6DWe.jpg,,"1.290270,103.851959,30km",,,,,[],,,,
1474031249366736898,1474031249366736898,2021-12-23 22:56:50 Malay Peninsula Standard Time,2021-12-23,22:56:50,+0800,51385779,sawayamadoll,rene√© made CL laugh rip me,,my monster cat ass is so happy like this cured my depression for a bit ngl,en,[],[],[],0,0,0,[],[],https://twitter.com/sawayamadoll/status/1474031249366736898,False,https://twitter.com/venusbleeeds/status/1473964278919020544,0,,,"1.290270,103.851959,30km",,,,,[],,,,
1473938859331309574,1473938859331309574,2021-12-23 16:49:43 Malay Peninsula Standard Time,2021-12-23,16:49:43,+0800,1923583964,sectsshop,Sects.Shop,"{'type': 'Point', 'coordinates': [1.30309593, 103.83890218]}","üéÑpicks üéÑ DEPRESSION Ë∑ëËÖø Socks   -  Sects Shop, Orchard Gateway 04-14 Singapore   #depressiondesigns #depressionACC #sectsshop #boyslovesects #streetgothfits #orchardroad #orchardgateway #singapore  https://t.co/RxvG0V5VHr",en,[],['https://www.instagram.com/sects.shop/p/CX0bpmRvyyl/?utm_medium=twitter'],[],0,0,0,"['depressiondesigns', 'depressionacc', 'sectsshop', 'boyslovesects', 'streetgothfits', 'orchardroad', 'orchardgateway', 'singapore']",[],https://twitter.com/SectsShop/status/1473938859331309574,False,,0,,,"1.290270,103.851959,30km",,,,,[],,,,
1473938662551396354,1473938662551396354,2021-12-23 16:48:56 Malay Peninsula Standard Time,2021-12-23,16:48:56,+0800,1923583964,sectsshop,Sects.Shop,"{'type': 'Point', 'coordinates': [1.30096, 103.83896]}","üéÑpicks üéÑ DEPRESSION Ë∑ëËÖø Socks   -  Sects Shop, Orchard Gateway 04-14 Singapore   #depressiondesigns #depressionACC #sectsshop #boyslovesects #streetgothfits #orchardroad #orchardgateway #singapore  https://t.co/jBH18HMk0L",en,[],['https://www.instagram.com/sects.shop/p/CX0bj12P-QH/?utm_medium=twitter'],[],0,0,0,"['depressiondesigns', 'depressionacc', 'sectsshop', 'boyslovesects', 'streetgothfits', 'orchardroad', 'orchardgateway', 'singapore']",[],https://twitter.com/SectsShop/status/1473938662551396354,False,,0,,,"1.290270,103.851959,30km",,,,,[],,,,
1473938483156766725,1473938483156766725,2021-12-23 16:48:13 Malay Peninsula Standard Time,2021-12-23,16:48:13,+0800,1923583964,sectsshop,Sects.Shop,"{'type': 'Point', 'coordinates': [1.29306, 103.856]}","üéÑpicks üéÑ DEPRESSION Ë∑ëËÖø Socks   -  Sects Shop, Orchard Gateway 04-14 Singapore   #depressiondesigns #depressionACC #sectsshop #boyslovesects #streetgothfits #orchardroad #orchardgateway #singapore @ Singapore  https://t.co/tDwcscM6Zf",en,[],['https://www.instagram.com/p/CX0beksPGhb/?utm_medium=twitter'],[],0,0,0,"['depressiondesigns', 'depressionacc', 'sectsshop', 'boyslovesects', 'streetgothfits', 'orchardroad', 'orchardgateway', 'singapore']",[],https://twitter.com/SectsShop/status/1473938483156766725,False,,0,,,"1.290270,103.851959,30km",,,,,[],,,,
1473832972444790784,1473832972444790784,2021-12-23 09:48:57 Malay Peninsula Standard Time,2021-12-23,09:48:57,+0800,1923583964,sectsshop,Sects.Shop,,Depression  https://t.co/c4BUkAgjmC  https://t.co/uxJJDvOC5k,en,[],['https://sectsshop.com'],"['https://pbs.twimg.com/media/FHQbRCXaQAU7H0n.jpg', 'https://pbs.twimg.com/media/FHQbRCZacAICyEj.jpg', 'https://pbs.twimg.com/media/FHQbRD_aIAIgY7_.jpg', 'https://pbs.twimg.com/media/FHQbRFPakAEM7oQ.jpg']",0,0,0,[],[],https://twitter.com/SectsShop/status/1473832972444790784,False,,1,https://pbs.twimg.com/media/FHQbRCXaQAU7H0n.jpg,,"1.290270,103.851959,30km",,,,,[],,,,
1473831811394408450,1473831811394408450,2021-12-23 09:44:20 Malay Peninsula Standard Time,2021-12-23,09:44:20,+0800,20227045,depressioncomsg,DEPRESSION DESIGNS,,DEPRESSION Logo Hi-Socks @SectsShop  https://t.co/o2oNaBkGk3  https://t.co/teB0k3gQlP,en,"[{'screen_name': 'sectsshop', 'name': 'sects.shop', 'id': '1923583964'}]",['https://shopdepression.com/collections/vol-4/products/depression-socks'],"['https://pbs.twimg.com/media/FHQaNihacAITJNT.jpg', 'https://pbs.twimg.com/media/FHQaNilacAA41uC.jpg', 'https://pbs.twimg.com/media/FHQaNigaAAABicw.jpg']",0,0,0,[],[],https://twitter.com/DEPRESSIONcomsg/status/1473831811394408450,False,,1,https://pbs.twimg.com/media/FHQaNihacAITJNT.jpg,,"1.290270,103.851959,30km",,,,,[],,,,
1473513678272352257,1473513678272352257,2021-12-22 12:40:12 Malay Peninsula Standard Time,2021-12-22,12:40:12,+0800,1923583964,sectsshop,Sects.Shop,"{'type': 'Point', 'coordinates': [1.30096, 103.83896]}","üéÑpicks üéÑ DEPRESSION ‚ÄúKeep Walking‚Äù Socks   -  Sects Shop, Orchard Gateway 04-14 Singapore   #depressiondesigns #depressionACC #sectsshop #boyslovesects #streetgothfits #orchardroad #orchardgateway #singapore  https://t.co/VhtQTajlPa",en,[],['https://www.instagram.com/p/CXxaTLTPdTM/?utm_medium=twitter'],[],0,0,0,"['depressiondesigns', 'depressionacc', 'sectsshop', 'boyslovesects', 'streetgothfits', 'orchardroad', 'orchardgateway', 'singapore']",[],https://twitter.com/SectsShop/status/1473513678272352257,False,,0,,,"1.290270,103.851959,30km",,,,,[],,,,
1473513452765392899,1473513452765392899,2021-12-22 12:39:18 Malay Peninsula Standard Time,2021-12-22,12:39:18,+0800,1923583964,sectsshop,Sects.Shop,"{'type': 'Point', 'coordinates': [1.29306, 103.856]}","üéÑpicks üéÑ DEPRESSION ‚ÄúKeep Walking‚Äù Socks   -  Sects Shop, Orchard Gateway 04-14 Singapore   #depressiondesigns #depressionACC #sectsshop #boyslovesects #streetgothfits #orchardroad #orchardgateway #singapore  https://t.co/w6mdygmagY",en,[],['https://www.instagram.com/sects.shop/p/CXxaMoDP5y-/?utm_medium=twitter'],[],0,0,0,"['depressiondesigns', 'depressionacc', 'sectsshop', 'boyslovesects', 'streetgothfits', 'orchardroad', 'orchardgateway', 'singapore']",[],https://twitter.com/SectsShop/status/1473513452765392899,False,,0,,,"1.290270,103.851959,30km",,,,,[],,,,
1473513316274167808,1473513316274167808,2021-12-22 12:38:45 Malay Peninsula Standard Time,2021-12-22,12:38:45,+0800,1923583964,sectsshop,Sects.Shop,"{'type': 'Point', 'coordinates': [1.30309593, 103.83890218]}","üéÑpicks üéÑ DEPRESSION ‚ÄúKeep Walking‚Äù Socks   -  Sects Shop, Orchard Gateway 04-14 Singapore   #depressiondesigns #depressionACC #sectsshop #boyslovesects #streetgothfits #orchardroad #orchardgateway #singapore  https://t.co/p6mESVoQRg",en,[],['https://www.instagram.com/p/CXxaIffv88x/?utm_medium=twitter'],[],0,0,0,"['depressiondesigns', 'depressionacc', 'sectsshop', 'boyslovesects', 'streetgothfits', 'orchardroad', 'orchardgateway', 'singapore']",[],https://twitter.com/SectsShop/status/1473513316274167808,False,,0,,,"1.290270,103.851959,30km",,,,,[],,,,
1473464344407003138,1473464344407003138,2021-12-22 09:24:10 Malay Peninsula Standard Time,2021-12-22,09:24:10,+0800,1923583964,sectsshop,Sects.Shop,,DEPRESSION new accessories  https://t.co/psZGENcFBm,en,[],[],"['https://pbs.twimg.com/media/FHLMAXHakAM57GL.jpg', 'https://pbs.twimg.com/media/FHLMAX3aQAQB5gC.jpg', 'https://pbs.twimg.com/media/FHLMAY-aQAESrOk.jpg']",0,0,0,[],[],https://twitter.com/SectsShop/status/1473464344407003138,False,,1,https://pbs.twimg.com/media/FHLMAXHakAM57GL.jpg,,"1.290270,103.851959,30km",,,,,[],,,,
1473159422780211201,1473159422780211201,2021-12-21 13:12:31 Malay Peninsula Standard Time,2021-12-21,13:12:31,+0800,1923583964,sectsshop,Sects.Shop,"{'type': 'Point', 'coordinates': [1.30096, 103.83896]}","üéÑpicks üéÑ DEPRESSION Âä†Ê≤π Socks   -  Sects Shop, Orchard Gateway 04-14 Singapore   #depressiondesigns #depressionACC #sectsshop #boyslovesects #streetgothfits #orchardroad #orchardgateway #singapore @ orchardgateway  https://t.co/ZmCjTpLE1Y",en,[],['https://www.instagram.com/p/CXu5M_jPGCl/?utm_medium=twitter'],[],0,0,0,"['depressiondesigns', 'depressionacc', 'sectsshop', 'boyslovesects', 'streetgothfits', 'orchardroad', 'orchardgateway', 'singapore']",[],https://twitter.com/SectsShop/status/1473159422780211201,False,,0,,,"1.290270,103.851959,30km",,,,,[],,,,
